{
	"credit": "Made with Blockbench",
	"textures": {
		"2": "cover_base",
		"3": "cover",
		"4": "base",
		"5": "level1",
		"6": "plate",
		"7": "inner",
		"8": "level2",
		"9": "level3",
		"10": "level4",
		"11": "core",
		"particle": "core"
	},
	"elements": [
		{
			"from": [6, 9, 3],
			"to": [10, 14, 4],
			"rotation": {"angle": 0, "axis": "y", "origin": [0, -1, 0]},
			"faces": {
				"north": {"uv": [0, 0, 4, 5], "texture": "#2", "tintindex": 0},
				"east": {"uv": [0, 5, 1, 10], "texture": "#2", "tintindex": 0},
				"south": {"uv": [4, 0, 8, 5], "texture": "#2", "tintindex": 0},
				"west": {"uv": [1, 5, 2, 10], "texture": "#2", "tintindex": 0},
				"up": {"uv": [6, 6, 2, 5], "texture": "#2", "tintindex": 0},
				"down": {"uv": [6, 6, 2, 7], "texture": "#2", "tintindex": 0}
			}
		},
		{
			"from": [6, 9, 12],
			"to": [10, 14, 13],
			"rotation": {"angle": 0, "axis": "y", "origin": [-8, 11, 0]},
			"faces": {
				"north": {"uv": [4, 0, 8, 5], "texture": "#2", "tintindex": 0},
				"east": {"uv": [1, 5, 2, 10], "texture": "#2", "tintindex": 0},
				"south": {"uv": [0, 0, 4, 5], "texture": "#2", "tintindex": 0},
				"west": {"uv": [0, 5, 1, 10], "texture": "#2", "tintindex": 0},
				"up": {"uv": [6, 6, 2, 5], "rotation": 180, "texture": "#2", "tintindex": 0},
				"down": {"uv": [6, 6, 2, 7], "rotation": 180, "texture": "#2", "tintindex": 0}
			}
		},
		{
			"from": [3, 9, 4],
			"to": [13, 14, 7],
			"rotation": {"angle": 0, "axis": "y", "origin": [0, -1, 0]},
			"faces": {
				"north": {"uv": [0, 0, 5, 2.5], "texture": "#4", "tintindex": 0},
				"east": {"uv": [5, 1.5, 6.5, 4], "texture": "#4", "tintindex": 0},
				"south": {"uv": [0, 2.5, 5, 5], "texture": "#4", "tintindex": 0},
				"west": {"uv": [5, 4, 6.5, 6.5], "texture": "#4", "tintindex": 0},
				"up": {"uv": [5, 6.5, 0, 5], "texture": "#4", "tintindex": 0},
				"down": {"uv": [10, 0, 5, 1.5], "texture": "#4", "tintindex": 0}
			}
		},
		{
			"from": [3, 9, 9],
			"to": [13, 14, 12],
			"rotation": {"angle": 0, "axis": "y", "origin": [-9, 12, 0]},
			"faces": {
				"north": {"uv": [0, 2.5, 5, 5], "texture": "#4", "tintindex": 0},
				"east": {"uv": [5, 4, 6.5, 6.5], "texture": "#4", "tintindex": 0},
				"south": {"uv": [0, 0, 5, 2.5], "texture": "#4", "tintindex": 0},
				"west": {"uv": [5, 1.5, 6.5, 4], "texture": "#4", "tintindex": 0},
				"up": {"uv": [5, 6.5, 0, 5], "rotation": 180, "texture": "#4", "tintindex": 0},
				"down": {"uv": [10, 0, 5, 1.5], "rotation": 180, "texture": "#4", "tintindex": 0}
			}
		},
		{
			"from": [6, 10, 0],
			"to": [10, 14, 2],
			"rotation": {"angle": 0, "axis": "y", "origin": [0, -1, 0]},
			"faces": {
				"north": {"uv": [0, 0, 4, 4], "texture": "#3", "tintindex": 0},
				"east": {"uv": [4, 0, 6, 4], "texture": "#3", "tintindex": 0},
				"south": {"uv": [0, 4, 4, 8], "texture": "#3", "tintindex": 0},
				"west": {"uv": [4, 4, 6, 8], "texture": "#3", "tintindex": 0},
				"up": {"uv": [10, 2, 6, 0], "texture": "#3", "tintindex": 0},
				"down": {"uv": [10, 2, 6, 4], "texture": "#3", "tintindex": 0}
			}
		},
		{
			"from": [6, 10, 14],
			"to": [10, 14, 16],
			"rotation": {"angle": 0, "axis": "y", "origin": [-3, -1, 0]},
			"faces": {
				"north": {"uv": [0, 4, 4, 8], "texture": "#3", "tintindex": 0},
				"east": {"uv": [4, 4, 6, 8], "texture": "#3", "tintindex": 0},
				"south": {"uv": [0, 0, 4, 4], "texture": "#3", "tintindex": 0},
				"west": {"uv": [4, 0, 6, 4], "texture": "#3", "tintindex": 0},
				"up": {"uv": [10, 2, 6, 0], "rotation": 180, "texture": "#3", "tintindex": 0},
				"down": {"uv": [10, 2, 6, 4], "rotation": 180, "texture": "#3", "tintindex": 0}
			}
		},
		{
			"from": [6.5, 4, 6.5],
			"to": [9.5, 5, 9.5],
			"rotation": {"angle": 0, "axis": "y", "origin": [0, -1, 0]},
			"faces": {
				"north": {"uv": [3, 0, 6, 1], "texture": "#10"},
				"east": {"uv": [3, 1, 6, 2], "texture": "#10"},
				"south": {"uv": [3, 2, 6, 3], "texture": "#10"},
				"west": {"uv": [3, 3, 6, 4], "texture": "#10"},
				"up": {"uv": [3, 3, 0, 0], "texture": "#10"},
				"down": {"uv": [3, 3, 0, 6], "texture": "#10"}
			}
		},
		{
			"from": [7.5, 5, -3.5],
			"to": [14.5, 6, 3.5],
			"rotation": {"angle": -45, "axis": "y", "origin": [0, -1, 0]},
			"faces": {
				"north": {"uv": [7, 0, 14, 1], "texture": "#9"},
				"east": {"uv": [7, 1, 14, 2], "texture": "#9"},
				"south": {"uv": [7, 2, 14, 3], "texture": "#9"},
				"west": {"uv": [7, 3, 14, 4], "texture": "#9"},
				"up": {"uv": [7, 7, 0, 0], "texture": "#9"},
				"down": {"uv": [7, 7, 0, 14], "texture": "#9"}
			}
		},
		{
			"from": [3.5, 6, 3.5],
			"to": [12.5, 7, 12.5],
			"rotation": {"angle": 0, "axis": "y", "origin": [0, 1, 0]},
			"faces": {
				"north": {"uv": [4.5, 0, 9, 0.5], "texture": "#8"},
				"east": {"uv": [4.5, 0.5, 9, 1], "texture": "#8"},
				"south": {"uv": [4.5, 1, 9, 1.5], "texture": "#8"},
				"west": {"uv": [4.5, 1.5, 9, 2], "texture": "#8"},
				"up": {"uv": [4.5, 4.5, 0, 0], "texture": "#8"},
				"down": {"uv": [4.5, 4.5, 0, 9], "texture": "#8"}
			}
		},
		{
			"from": [5.5, 7, -5.5],
			"to": [16.5, 8, 5.5],
			"rotation": {"angle": -45, "axis": "y", "origin": [0, 1, 0]},
			"faces": {
				"north": {"uv": [5.5, 0, 11, 0.5], "texture": "#5"},
				"east": {"uv": [5.5, 0.5, 11, 1], "texture": "#5"},
				"south": {"uv": [5.5, 1, 11, 1.5], "texture": "#5"},
				"west": {"uv": [5.5, 1.5, 11, 2], "texture": "#5"},
				"up": {"uv": [5.5, 5.5, 0, 0], "texture": "#5"},
				"down": {"uv": [5.5, 5.5, 0, 11], "texture": "#5"}
			}
		},
		{
			"from": [6, 10, 7],
			"to": [10, 11, 9],
			"rotation": {"angle": 0, "axis": "y", "origin": [0, 2, 0]},
			"faces": {
				"north": {"uv": [0, 4, 4, 5], "texture": "#7"},
				"east": {"uv": [4, 1, 6, 2], "texture": "#7"},
				"south": {"uv": [4, 0, 8, 1], "texture": "#7"},
				"west": {"uv": [4, 2, 6, 3], "texture": "#7"},
				"up": {"uv": [4, 2, 0, 0], "texture": "#7"},
				"down": {"uv": [4, 2, 0, 4], "texture": "#7"}
			}
		},
		{
			"from": [4, 14, 4],
			"to": [12, 15, 12],
			"rotation": {"angle": 0, "axis": "y", "origin": [0, 2, 0]},
			"faces": {
				"north": {"uv": [8, 0, 16, 1], "texture": "#6"},
				"east": {"uv": [8, 1, 16, 2], "texture": "#6"},
				"south": {"uv": [8, 2, 16, 3], "texture": "#6"},
				"west": {"uv": [8, 3, 16, 4], "texture": "#6"},
				"up": {"uv": [8, 8, 0, 0], "texture": "#6"},
				"down": {"uv": [8, 8, 0, 16], "texture": "#6"}
			}
		},
		{
			"from": [7, 15, 7],
			"to": [9, 17, 9],
			"rotation": {"angle": 0, "axis": "y", "origin": [0, 2, 0]},
			"faces": {
				"north": {"uv": [0, 0, 2, 2], "texture": "#11"},
				"east": {"uv": [0, 2, 2, 4], "texture": "#11"},
				"south": {"uv": [2, 0, 4, 2], "texture": "#11"},
				"west": {"uv": [2, 2, 4, 4], "texture": "#11"},
				"up": {"uv": [2, 6, 0, 4], "texture": "#11"},
				"down": {"uv": [6, 0, 4, 2], "texture": "#11"}
			}
		},
		{
			"from": [5, 14, 5],
			"to": [11, 15, 11],
			"rotation": {"angle": 0, "axis": "y", "origin": [0, -1, 0]},
			"color": 4,
			"faces": {
				"north": {"uv": [0, 0, 6, 1], "texture": "#missing"},
				"east": {"uv": [0, 0, 6, 1], "texture": "#missing"},
				"south": {"uv": [0, 0, 6, 1], "texture": "#missing"},
				"west": {"uv": [0, 0, 6, 1], "texture": "#missing"},
				"up": {"uv": [0, 0, 6, 6], "rotation": 90, "texture": "#missing"},
				"down": {"uv": [0, 0, 6, 6], "rotation": 270, "texture": "#missing"}
			}
		},
		{
			"from": [6, 13, 6],
			"to": [10, 14, 10],
			"rotation": {"angle": 0, "axis": "y", "origin": [0, -1, 0]},
			"color": 3,
			"faces": {
				"north": {"uv": [0, 0, 4, 1], "texture": "#missing"},
				"east": {"uv": [0, 0, 4, 1], "texture": "#missing"},
				"south": {"uv": [0, 0, 4, 1], "texture": "#missing"},
				"west": {"uv": [0, 0, 4, 1], "texture": "#missing"},
				"up": {"uv": [0, 0, 4, 4], "rotation": 90, "texture": "#missing"},
				"down": {"uv": [0, 0, 4, 4], "rotation": 270, "texture": "#missing"}
			}
		},
		{
			"from": [6, 15, 6],
			"to": [7, 16, 10],
			"rotation": {"angle": 0, "axis": "y", "origin": [0, -1, 0]},
			"color": 3,
			"faces": {
				"north": {"uv": [0, 0, 1, 1], "texture": "#missing"},
				"east": {"uv": [0, 0, 4, 1], "texture": "#missing"},
				"south": {"uv": [0, 0, 1, 1], "texture": "#missing"},
				"west": {"uv": [0, 0, 4, 1], "texture": "#missing"},
				"up": {"uv": [0, 0, 4, 1], "rotation": 90, "texture": "#missing"},
				"down": {"uv": [0, 0, 4, 1], "rotation": 270, "texture": "#missing"}
			}
		},
		{
			"from": [9, 15, 6],
			"to": [10, 16, 10],
			"rotation": {"angle": 0, "axis": "y", "origin": [0, -1, 0]},
			"color": 3,
			"faces": {
				"north": {"uv": [0, 0, 1, 1], "texture": "#missing"},
				"east": {"uv": [0, 0, 4, 1], "texture": "#missing"},
				"south": {"uv": [0, 0, 1, 1], "texture": "#missing"},
				"west": {"uv": [0, 0, 4, 1], "texture": "#missing"},
				"up": {"uv": [0, 0, 4, 1], "rotation": 90, "texture": "#missing"},
				"down": {"uv": [0, 0, 4, 1], "rotation": 270, "texture": "#missing"}
			}
		},
		{
			"from": [7, 15, 5],
			"to": [9, 16, 7],
			"rotation": {"angle": 0, "axis": "y", "origin": [0, -1, 0]},
			"color": 3,
			"faces": {
				"north": {"uv": [0, 0, 2, 1], "texture": "#missing"},
				"east": {"uv": [0, 0, 2, 1], "texture": "#missing"},
				"south": {"uv": [0, 0, 2, 1], "texture": "#missing"},
				"west": {"uv": [0, 0, 2, 1], "texture": "#missing"},
				"up": {"uv": [0, 0, 2, 2], "rotation": 90, "texture": "#missing"},
				"down": {"uv": [0, 0, 2, 2], "rotation": 270, "texture": "#missing"}
			}
		},
		{
			"from": [7, 15, 9],
			"to": [9, 16, 11],
			"rotation": {"angle": 0, "axis": "y", "origin": [0, -1, 0]},
			"color": 3,
			"faces": {
				"north": {"uv": [0, 0, 2, 1], "texture": "#missing"},
				"east": {"uv": [0, 0, 2, 1], "texture": "#missing"},
				"south": {"uv": [0, 0, 2, 1], "texture": "#missing"},
				"west": {"uv": [0, 0, 2, 1], "texture": "#missing"},
				"up": {"uv": [0, 0, 2, 2], "rotation": 90, "texture": "#missing"},
				"down": {"uv": [0, 0, 2, 2], "rotation": 270, "texture": "#missing"}
			}
		},
		{
			"from": [5, 15, 7],
			"to": [6, 16, 9],
			"rotation": {"angle": 0, "axis": "y", "origin": [0, -1, 0]},
			"color": 3,
			"faces": {
				"north": {"uv": [0, 0, 1, 1], "texture": "#missing"},
				"east": {"uv": [0, 0, 2, 1], "texture": "#missing"},
				"south": {"uv": [0, 0, 1, 1], "texture": "#missing"},
				"west": {"uv": [0, 0, 2, 1], "texture": "#missing"},
				"up": {"uv": [0, 0, 2, 1], "rotation": 90, "texture": "#missing"},
				"down": {"uv": [0, 0, 2, 1], "rotation": 270, "texture": "#missing"}
			}
		},
		{
			"from": [10, 15, 7],
			"to": [11, 16, 9],
			"rotation": {"angle": 0, "axis": "y", "origin": [0, -1, 0]},
			"color": 3,
			"faces": {
				"north": {"uv": [0, 0, 1, 1], "texture": "#missing"},
				"east": {"uv": [0, 0, 2, 1], "texture": "#missing"},
				"south": {"uv": [0, 0, 1, 1], "texture": "#missing"},
				"west": {"uv": [0, 0, 2, 1], "texture": "#missing"},
				"up": {"uv": [0, 0, 2, 1], "rotation": 90, "texture": "#missing"},
				"down": {"uv": [0, 0, 2, 1], "rotation": 270, "texture": "#missing"}
			}
		},
		{
			"from": [5, 13, 6],
			"to": [6, 14, 7],
			"rotation": {"angle": 0, "axis": "y", "origin": [0, -1, 0]},
			"color": 5,
			"faces": {
				"north": {"uv": [0, 0, 1, 1], "texture": "#missing"},
				"east": {"uv": [0, 0, 1, 1], "texture": "#missing"},
				"south": {"uv": [0, 0, 1, 1], "texture": "#missing"},
				"west": {"uv": [0, 0, 1, 1], "texture": "#missing"},
				"up": {"uv": [0, 0, 1, 1], "rotation": 90, "texture": "#missing"},
				"down": {"uv": [0, 0, 1, 1], "rotation": 270, "texture": "#missing"}
			}
		},
		{
			"from": [10, 13, 6],
			"to": [11, 14, 7],
			"rotation": {"angle": 0, "axis": "y", "origin": [0, -1, 0]},
			"color": 5,
			"faces": {
				"north": {"uv": [0, 0, 1, 1], "texture": "#missing"},
				"east": {"uv": [0, 0, 1, 1], "texture": "#missing"},
				"south": {"uv": [0, 0, 1, 1], "texture": "#missing"},
				"west": {"uv": [0, 0, 1, 1], "texture": "#missing"},
				"up": {"uv": [0, 0, 1, 1], "rotation": 90, "texture": "#missing"},
				"down": {"uv": [0, 0, 1, 1], "rotation": 270, "texture": "#missing"}
			}
		},
		{
			"from": [10, 13, 9],
			"to": [11, 14, 10],
			"rotation": {"angle": 0, "axis": "y", "origin": [0, -1, 0]},
			"color": 5,
			"faces": {
				"north": {"uv": [0, 0, 1, 1], "texture": "#missing"},
				"east": {"uv": [0, 0, 1, 1], "texture": "#missing"},
				"south": {"uv": [0, 0, 1, 1], "texture": "#missing"},
				"west": {"uv": [0, 0, 1, 1], "texture": "#missing"},
				"up": {"uv": [0, 0, 1, 1], "rotation": 90, "texture": "#missing"},
				"down": {"uv": [0, 0, 1, 1], "rotation": 270, "texture": "#missing"}
			}
		},
		{
			"from": [5, 13, 9],
			"to": [6, 14, 10],
			"rotation": {"angle": 0, "axis": "y", "origin": [0, -1, 0]},
			"color": 5,
			"faces": {
				"north": {"uv": [0, 0, 1, 1], "texture": "#missing"},
				"east": {"uv": [0, 0, 1, 1], "texture": "#missing"},
				"south": {"uv": [0, 0, 1, 1], "texture": "#missing"},
				"west": {"uv": [0, 0, 1, 1], "texture": "#missing"},
				"up": {"uv": [0, 0, 1, 1], "rotation": 90, "texture": "#missing"},
				"down": {"uv": [0, 0, 1, 1], "rotation": 270, "texture": "#missing"}
			}
		},
		{
			"from": [5, 12, 5],
			"to": [6, 13, 11],
			"rotation": {"angle": 0, "axis": "y", "origin": [0, -1, 0]},
			"color": 5,
			"faces": {
				"north": {"uv": [0, 0, 1, 1], "texture": "#missing"},
				"east": {"uv": [0, 0, 6, 1], "texture": "#missing"},
				"south": {"uv": [0, 0, 1, 1], "texture": "#missing"},
				"west": {"uv": [0, 0, 6, 1], "texture": "#missing"},
				"up": {"uv": [0, 0, 6, 1], "rotation": 90, "texture": "#missing"},
				"down": {"uv": [0, 0, 6, 1], "rotation": 270, "texture": "#missing"}
			}
		},
		{
			"from": [10, 12, 5],
			"to": [11, 13, 11],
			"rotation": {"angle": 0, "axis": "y", "origin": [0, -1, 0]},
			"color": 5,
			"faces": {
				"north": {"uv": [0, 0, 1, 1], "texture": "#missing"},
				"east": {"uv": [0, 0, 6, 1], "texture": "#missing"},
				"south": {"uv": [0, 0, 1, 1], "texture": "#missing"},
				"west": {"uv": [0, 0, 6, 1], "texture": "#missing"},
				"up": {"uv": [0, 0, 6, 1], "rotation": 90, "texture": "#missing"},
				"down": {"uv": [0, 0, 6, 1], "rotation": 270, "texture": "#missing"}
			}
		},
		{
			"from": [7, 13, 5],
			"to": [9, 14, 6],
			"rotation": {"angle": 0, "axis": "y", "origin": [0, -1, 0]},
			"color": 5,
			"faces": {
				"north": {"uv": [0, 0, 2, 1], "texture": "#missing"},
				"east": {"uv": [0, 0, 1, 1], "texture": "#missing"},
				"south": {"uv": [0, 0, 2, 1], "texture": "#missing"},
				"west": {"uv": [0, 0, 1, 1], "texture": "#missing"},
				"up": {"uv": [0, 0, 1, 2], "rotation": 90, "texture": "#missing"},
				"down": {"uv": [0, 0, 1, 2], "rotation": 270, "texture": "#missing"}
			}
		},
		{
			"from": [7, 13, 10],
			"to": [9, 14, 11],
			"rotation": {"angle": 0, "axis": "y", "origin": [0, -1, 0]},
			"color": 5,
			"faces": {
				"north": {"uv": [0, 0, 2, 1], "texture": "#missing"},
				"east": {"uv": [0, 0, 1, 1], "texture": "#missing"},
				"south": {"uv": [0, 0, 2, 1], "texture": "#missing"},
				"west": {"uv": [0, 0, 1, 1], "texture": "#missing"},
				"up": {"uv": [0, 0, 1, 2], "rotation": 90, "texture": "#missing"},
				"down": {"uv": [0, 0, 1, 2], "rotation": 270, "texture": "#missing"}
			}
		},
		{
			"from": [7, 12, 5],
			"to": [9, 13, 11],
			"rotation": {"angle": 0, "axis": "y", "origin": [0, -1, 0]},
			"color": 5,
			"faces": {
				"north": {"uv": [0, 0, 2, 1], "texture": "#missing"},
				"east": {"uv": [0, 0, 6, 1], "texture": "#missing"},
				"south": {"uv": [0, 0, 2, 1], "texture": "#missing"},
				"west": {"uv": [0, 0, 6, 1], "texture": "#missing"},
				"up": {"uv": [0, 0, 6, 2], "rotation": 90, "texture": "#missing"},
				"down": {"uv": [0, 0, 6, 2], "rotation": 270, "texture": "#missing"}
			}
		},
		{
			"from": [5, 11, 10],
			"to": [6, 12, 11],
			"rotation": {"angle": 0, "axis": "y", "origin": [0, -1, 0]},
			"color": 5,
			"faces": {
				"north": {"uv": [0, 0, 1, 1], "texture": "#missing"},
				"east": {"uv": [0, 0, 1, 1], "texture": "#missing"},
				"south": {"uv": [0, 0, 1, 1], "texture": "#missing"},
				"west": {"uv": [0, 0, 1, 1], "texture": "#missing"},
				"up": {"uv": [0, 0, 1, 1], "rotation": 90, "texture": "#missing"},
				"down": {"uv": [0, 0, 1, 1], "rotation": 270, "texture": "#missing"}
			}
		},
		{
			"from": [5, 11, 5],
			"to": [6, 12, 6],
			"rotation": {"angle": 0, "axis": "y", "origin": [0, -1, 0]},
			"color": 5,
			"faces": {
				"north": {"uv": [0, 0, 1, 1], "texture": "#missing"},
				"east": {"uv": [0, 0, 1, 1], "texture": "#missing"},
				"south": {"uv": [0, 0, 1, 1], "texture": "#missing"},
				"west": {"uv": [0, 0, 1, 1], "texture": "#missing"},
				"up": {"uv": [0, 0, 1, 1], "rotation": 90, "texture": "#missing"},
				"down": {"uv": [0, 0, 1, 1], "rotation": 270, "texture": "#missing"}
			}
		},
		{
			"from": [10, 11, 5],
			"to": [11, 12, 6],
			"rotation": {"angle": 0, "axis": "y", "origin": [0, -1, 0]},
			"color": 5,
			"faces": {
				"north": {"uv": [0, 0, 1, 1], "texture": "#missing"},
				"east": {"uv": [0, 0, 1, 1], "texture": "#missing"},
				"south": {"uv": [0, 0, 1, 1], "texture": "#missing"},
				"west": {"uv": [0, 0, 1, 1], "texture": "#missing"},
				"up": {"uv": [0, 0, 1, 1], "rotation": 90, "texture": "#missing"},
				"down": {"uv": [0, 0, 1, 1], "rotation": 270, "texture": "#missing"}
			}
		},
		{
			"from": [10, 11, 10],
			"to": [11, 12, 11],
			"rotation": {"angle": 0, "axis": "y", "origin": [0, -1, 0]},
			"color": 5,
			"faces": {
				"north": {"uv": [0, 0, 1, 1], "texture": "#missing"},
				"east": {"uv": [0, 0, 1, 1], "texture": "#missing"},
				"south": {"uv": [0, 0, 1, 1], "texture": "#missing"},
				"west": {"uv": [0, 0, 1, 1], "texture": "#missing"},
				"up": {"uv": [0, 0, 1, 1], "rotation": 90, "texture": "#missing"},
				"down": {"uv": [0, 0, 1, 1], "rotation": 270, "texture": "#missing"}
			}
		}
	],
	"display": {
		"thirdperson_righthand": {
			"rotation": [24, 45, 0],
			"translation": [0, 3.25, 0],
			"scale": [0.375, 0.375, 0.375]
		},
		"thirdperson_lefthand": {
			"rotation": [24, 45, 0],
			"translation": [0, 2.5, 0],
			"scale": [0.375, 0.375, 0.375]
		},
		"firstperson_righthand": {
			"rotation": [0, 45, 0],
			"scale": [0.4, 0.4, 0.4]
		},
		"firstperson_lefthand": {
			"rotation": [0, 225, 0],
			"scale": [0.4, 0.4, 0.4]
		},
		"ground": {
			"translation": [0, 3, 0],
			"scale": [0.25, 0.25, 0.25]
		},
		"gui": {
			"rotation": [30, 225, 0],
			"translation": [0, -1.5, 0],
			"scale": [0.56, 0.56, 0.56]
		},
		"head": {
			"translation": [0, 14.25, 0]
		},
		"fixed": {
			"rotation": [-4, 35, 0],
			"translation": [0, -1.5, 0],
			"scale": [0.5, 0.5, 0.5]
		}
	},
	"groups": [
		0,
		1,
		2,
		3,
		4,
		5,
		6,
		7,
		8,
		9,
		10,
		11,
		12,
		{
			"name": "group",
			"origin": [0, -1, 0],
			"color": 0,
			"children": [13, 14, 15, 16, 17, 18, 19, 20, 21, 22, 23, 24, 25, 26, 27, 28, 29, 30, 31, 32, 33]
		},
		{
			"name": "group",
			"origin": [0, 0, 0],
			"color": 0,
			"children": []
		}
	]
}