{
	"credit": "Made with Blockbench",
	"texture_size": [64, 64],
	"textures": {
		"0": "fence_t_corner",
		"particle": "fence_t_corner"
	},
	"elements": [
		{
			"from": [6, 0, 6],
			"to": [10, 16, 10],
			"rotation": {"angle": 0, "axis": "y", "origin": [8, 8, 8]},
			"faces": {
				"north": {"uv": [0, 0, 1, 4], "texture": "#0"},
				"east": {"uv": [1, 0, 2, 4], "texture": "#0"},
				"south": {"uv": [2, 0, 3, 4], "texture": "#0"},
				"west": {"uv": [3, 0, 4, 4], "texture": "#0"},
				"up": {"uv": [3.5, 5, 2.5, 4], "texture": "#0"},
				"down": {"uv": [4.5, 4, 3.5, 5], "texture": "#0"}
			}
		},
		{
			"from": [15, 0, 7],
			"to": [16, 15, 9],
			"rotation": {"angle": 0, "axis": "y", "origin": [8, 8, 8]},
			"faces": {
				"north": {"uv": [4.5, 0, 4.75, 3.75], "texture": "#0"},
				"east": {"uv": [0, 4, 0.5, 7.75], "texture": "#0"},
				"south": {"uv": [4.5, 3.75, 4.75, 7.5], "texture": "#0"},
				"west": {"uv": [4, 0, 4.5, 3.75], "texture": "#0"},
				"up": {"uv": [6.5, 5.25, 6.25, 4.75], "texture": "#0"},
				"down": {"uv": [5.25, 6.25, 5, 6.75], "texture": "#0"}
			}
		},
		{
			"from": [0, 0, 7],
			"to": [1, 15, 9],
			"rotation": {"angle": 0, "axis": "y", "origin": [8, 8, 8]},
			"faces": {
				"north": {"uv": [4.75, 0, 5, 3.75], "texture": "#0"},
				"east": {"uv": [0.5, 4, 1, 7.75], "texture": "#0"},
				"south": {"uv": [4.75, 3.75, 5, 7.5], "texture": "#0"},
				"west": {"uv": [1, 4, 1.5, 7.75], "texture": "#0"},
				"up": {"uv": [5.5, 6.75, 5.25, 6.25], "texture": "#0"},
				"down": {"uv": [6.5, 5.25, 6.25, 5.75], "texture": "#0"}
			}
		},
		{
			"from": [10, 11, 7.5],
			"to": [15, 14, 8.5],
			"rotation": {"angle": 0, "axis": "y", "origin": [8, 13, 8]},
			"faces": {
				"north": {"uv": [5, 0, 6.25, 0.75], "texture": "#0"},
				"east": {"uv": [6.25, 3.25, 6.5, 4], "texture": "#0"},
				"south": {"uv": [5, 0.75, 6.25, 1.5], "texture": "#0"},
				"west": {"uv": [3.5, 6.25, 3.75, 7], "texture": "#0"},
				"up": {"uv": [7.5, 0.25, 6.25, 0], "texture": "#0"},
				"down": {"uv": [7.5, 0.25, 6.25, 0.5], "texture": "#0"}
			}
		},
		{
			"from": [1, 11, 7.5],
			"to": [6, 14, 8.5],
			"rotation": {"angle": 0, "axis": "y", "origin": [8, 13, 8]},
			"faces": {
				"north": {"uv": [5, 1.5, 6.25, 2.25], "texture": "#0"},
				"east": {"uv": [3.75, 6.25, 4, 7], "texture": "#0"},
				"south": {"uv": [5, 2.25, 6.25, 3], "texture": "#0"},
				"west": {"uv": [4, 6.25, 4.25, 7], "texture": "#0"},
				"up": {"uv": [7.5, 0.75, 6.25, 0.5], "texture": "#0"},
				"down": {"uv": [7.5, 0.75, 6.25, 1], "texture": "#0"}
			}
		},
		{
			"from": [10, 3, 7.5],
			"to": [15, 5, 8.5],
			"rotation": {"angle": 0, "axis": "y", "origin": [8, 5, 8]},
			"faces": {
				"north": {"uv": [5, 3.75, 6.25, 4.25], "texture": "#0"},
				"east": {"uv": [5.5, 6.25, 5.75, 6.75], "texture": "#0"},
				"south": {"uv": [5, 4.25, 6.25, 4.75], "texture": "#0"},
				"west": {"uv": [5.75, 6.25, 6, 6.75], "texture": "#0"},
				"up": {"uv": [7.5, 1.25, 6.25, 1], "texture": "#0"},
				"down": {"uv": [7.5, 1.25, 6.25, 1.5], "texture": "#0"}
			}
		},
		{
			"from": [1, 3, 7.5],
			"to": [6, 5, 8.5],
			"rotation": {"angle": 0, "axis": "y", "origin": [8, 5, 8]},
			"faces": {
				"north": {"uv": [5, 4.75, 6.25, 5.25], "texture": "#0"},
				"east": {"uv": [6.25, 5.75, 6.5, 6.25], "texture": "#0"},
				"south": {"uv": [5, 5.25, 6.25, 5.75], "texture": "#0"},
				"west": {"uv": [6, 6.25, 6.25, 6.75], "texture": "#0"},
				"up": {"uv": [7.5, 1.75, 6.25, 1.5], "texture": "#0"},
				"down": {"uv": [7.5, 1.75, 6.25, 2], "texture": "#0"}
			}
		},
		{
			"from": [7, 0, 0],
			"to": [9, 15, 1],
			"rotation": {"angle": 0, "axis": "y", "origin": [8, 8, 8]},
			"faces": {
				"north": {"uv": [1.5, 4, 2, 7.75], "texture": "#0"},
				"east": {"uv": [2.5, 5, 2.75, 8.75], "texture": "#0"},
				"south": {"uv": [2, 4, 2.5, 7.75], "texture": "#0"},
				"west": {"uv": [2.75, 5, 3, 8.75], "texture": "#0"},
				"up": {"uv": [4.5, 4, 4, 3.75], "texture": "#0"},
				"down": {"uv": [6.75, 6.25, 6.25, 6.5], "texture": "#0"}
			}
		},
		{
			"from": [7.5, 11, 1],
			"to": [8.5, 14, 6],
			"rotation": {"angle": 0, "axis": "y", "origin": [8, 13, 8]},
			"faces": {
				"north": {"uv": [6.25, 4, 6.5, 4.75], "texture": "#0"},
				"east": {"uv": [3, 5, 4.25, 5.75], "texture": "#0"},
				"south": {"uv": [4.25, 6.25, 4.5, 7], "texture": "#0"},
				"west": {"uv": [5, 3, 6.25, 3.75], "texture": "#0"},
				"up": {"uv": [4.5, 6.25, 4.25, 5], "texture": "#0"},
				"down": {"uv": [6.5, 2, 6.25, 3.25], "texture": "#0"}
			}
		},
		{
			"from": [7.5, 3, 1],
			"to": [8.5, 5, 6],
			"rotation": {"angle": 0, "axis": "y", "origin": [8, 5, 8]},
			"faces": {
				"north": {"uv": [6.5, 2, 6.75, 2.5], "texture": "#0"},
				"east": {"uv": [3, 5.75, 4.25, 6.25], "texture": "#0"},
				"south": {"uv": [6.5, 2.5, 6.75, 3], "texture": "#0"},
				"west": {"uv": [5, 5.75, 6.25, 6.25], "texture": "#0"},
				"up": {"uv": [3.25, 7.5, 3, 6.25], "texture": "#0"},
				"down": {"uv": [3.5, 6.25, 3.25, 7.5], "texture": "#0"}
			}
		}
	]
}