{
	"textures": {
		"fence": "Desktop/fence",
		"particle": "Desktop/fence"
	},
    "display": {
        "gui": {
            "rotation": [ 30, 225, 0 ],
            "translation": [ 0, 0, 0],
            "scale":[ 0.625, 0.625, 0.625 ]
        },
        "ground": {
            "rotation": [ 0, 0, 0 ],
            "translation": [ 0, 3, 0],
            "scale":[ 0.25, 0.25, 0.25 ]
        },
        "fixed": {
            "rotation": [ 0, 0, 0 ],
            "translation": [ 0, 0, 0],
            "scale":[ 0.5, 0.5, 0.5 ]
        },
        "thirdperson_righthand": {
            "rotation": [ 75, 45, 0 ],
            "translation": [ 0, 2.5, 0],
            "scale": [ 0.375, 0.375, 0.375 ]
        },
        "firstperson_righthand": {
            "rotation": [ 0, 45, 0 ],
            "translation": [ 0, 0, 0 ],
            "scale": [ 0.40, 0.40, 0.40 ]
        },
        "firstperson_lefthand": {
            "rotation": [ 0, 225, 0 ],
            "translation": [ 0, 0, 0 ],
            "scale": [ 0.40, 0.40, 0.40 ]
        }
    },
	"elements": [
		{
			"from": [6, 0, 6],
			"to": [10, 16, 10],
			"faces": {
				"north": {"uv": [0, 0, 4, 16], "texture": "#fence"},
				"east": {"uv": [0, 0, 4, 16], "texture": "#fence"},
				"south": {"uv": [0, 0, 4, 16], "texture": "#fence"},
				"west": {"uv": [0, 0, 4, 16], "texture": "#fence"},
				"up": {"uv": [0, 0, 4, 4], "texture": "#fence"},
				"down": {"uv": [0, 0, 4, 4], "texture": "#fence"}
			}
		},
		{
			"from": [15, 0, 7],
			"to": [16, 15, 9],
			"faces": {
				"north": {"uv": [0, 0, 1, 15], "texture": "#fence"},
				"east": {"uv": [0, 0, 2, 15], "texture": "#fence"},
				"south": {"uv": [0, 0, 1, 15], "texture": "#fence"},
				"west": {"uv": [0, 0, 2, 15], "texture": "#fence"},
				"up": {"uv": [0, 0, 1, 2], "texture": "#fence"},
				"down": {"uv": [0, 0, 1, 2], "texture": "#fence"}
			}
		},
		{
			"from": [7, 0, 0],
			"to": [9, 15, 1],
			"faces": {
				"north": {"uv": [0, 0, 2, 15], "texture": "#fence"},
				"east": {"uv": [0, 0, 1, 15], "texture": "#fence"},
				"south": {"uv": [0, 0, 2, 15], "texture": "#fence"},
				"west": {"uv": [0, 0, 1, 15], "texture": "#fence"},
				"up": {"uv": [0, 0, 1, 2], "rotation": 90, "texture": "#fence"},
				"down": {"uv": [0, 0, 1, 2], "rotation": 270, "texture": "#fence"}
			}
		},
		{
			"from": [10, 1, 7.5],
			"to": [15, 2, 8.5],
			"faces": {
				"north": {"uv": [0, 0, 5, 1], "texture": "#fence"},
				"east": {"uv": [0, 0, 1, 1], "texture": "#fence"},
				"south": {"uv": [0, 0, 5, 1], "texture": "#fence"},
				"west": {"uv": [0, 0, 1, 1], "texture": "#fence"},
				"up": {"uv": [0, 0, 5, 1], "texture": "#fence"},
				"down": {"uv": [0, 0, 5, 1], "texture": "#fence"}
			}
		},
		{
			"from": [10, 3, 7.5],
			"to": [15, 4, 8.5],
			"faces": {
				"north": {"uv": [0, 0, 5, 1], "texture": "#fence"},
				"east": {"uv": [0, 0, 1, 1], "texture": "#fence"},
				"south": {"uv": [0, 0, 5, 1], "texture": "#fence"},
				"west": {"uv": [0, 0, 1, 1], "texture": "#fence"},
				"up": {"uv": [0, 0, 5, 1], "texture": "#fence"},
				"down": {"uv": [0, 0, 5, 1], "texture": "#fence"}
			}
		},
		{
			"from": [10, 5, 7.5],
			"to": [15, 6, 8.5],
			"faces": {
				"north": {"uv": [0, 0, 5, 1], "texture": "#fence"},
				"east": {"uv": [0, 0, 1, 1], "texture": "#fence"},
				"south": {"uv": [0, 0, 5, 1], "texture": "#fence"},
				"west": {"uv": [0, 0, 1, 1], "texture": "#fence"},
				"up": {"uv": [0, 0, 5, 1], "texture": "#fence"},
				"down": {"uv": [0, 0, 5, 1], "texture": "#fence"}
			}
		},
		{
			"from": [10, 7, 7.5],
			"to": [15, 8, 8.5],
			"faces": {
				"north": {"uv": [0, 0, 5, 1], "texture": "#fence"},
				"east": {"uv": [0, 0, 1, 1], "texture": "#fence"},
				"south": {"uv": [0, 0, 5, 1], "texture": "#fence"},
				"west": {"uv": [0, 0, 1, 1], "texture": "#fence"},
				"up": {"uv": [0, 0, 5, 1], "texture": "#fence"},
				"down": {"uv": [0, 0, 5, 1], "texture": "#fence"}
			}
		},
		{
			"from": [10, 9, 7.5],
			"to": [15, 10, 8.5],
			"faces": {
				"north": {"uv": [0, 0, 5, 1], "texture": "#fence"},
				"east": {"uv": [0, 0, 1, 1], "texture": "#fence"},
				"south": {"uv": [0, 0, 5, 1], "texture": "#fence"},
				"west": {"uv": [0, 0, 1, 1], "texture": "#fence"},
				"up": {"uv": [0, 0, 5, 1], "texture": "#fence"},
				"down": {"uv": [0, 0, 5, 1], "texture": "#fence"}
			}
		},
		{
			"from": [10, 11, 7.5],
			"to": [15, 12, 8.5],
			"faces": {
				"north": {"uv": [0, 0, 5, 1], "texture": "#fence"},
				"east": {"uv": [0, 0, 1, 1], "texture": "#fence"},
				"south": {"uv": [0, 0, 5, 1], "texture": "#fence"},
				"west": {"uv": [0, 0, 1, 1], "texture": "#fence"},
				"up": {"uv": [0, 0, 5, 1], "texture": "#fence"},
				"down": {"uv": [0, 0, 5, 1], "texture": "#fence"}
			}
		},
		{
			"from": [10, 13, 7.5],
			"to": [15, 14, 8.5],
			"faces": {
				"north": {"uv": [0, 0, 5, 1], "texture": "#fence"},
				"east": {"uv": [0, 0, 1, 1], "texture": "#fence"},
				"south": {"uv": [0, 0, 5, 1], "texture": "#fence"},
				"west": {"uv": [0, 0, 1, 1], "texture": "#fence"},
				"up": {"uv": [0, 0, 5, 1], "texture": "#fence"},
				"down": {"uv": [0, 0, 5, 1], "texture": "#fence"}
			}
		},
		{
			"from": [7.5, 11, 1],
			"to": [8.5, 12, 6],
			"faces": {
				"north": {"uv": [0, 0, 1, 1], "texture": "#fence"},
				"east": {"uv": [0, 0, 5, 1], "texture": "#fence"},
				"south": {"uv": [0, 0, 1, 1], "texture": "#fence"},
				"west": {"uv": [0, 0, 5, 1], "texture": "#fence"},
				"up": {"uv": [0, 0, 5, 1], "rotation": 90, "texture": "#fence"},
				"down": {"uv": [0, 0, 5, 1], "rotation": 270, "texture": "#fence"}
			}
		},
		{
			"from": [7.5, 9, 1],
			"to": [8.5, 10, 6],
			"faces": {
				"north": {"uv": [0, 0, 1, 1], "texture": "#fence"},
				"east": {"uv": [0, 0, 5, 1], "texture": "#fence"},
				"south": {"uv": [0, 0, 1, 1], "texture": "#fence"},
				"west": {"uv": [0, 0, 5, 1], "texture": "#fence"},
				"up": {"uv": [0, 0, 5, 1], "rotation": 90, "texture": "#fence"},
				"down": {"uv": [0, 0, 5, 1], "rotation": 270, "texture": "#fence"}
			}
		},
		{
			"from": [7.5, 7, 1],
			"to": [8.5, 8, 6],
			"faces": {
				"north": {"uv": [0, 0, 1, 1], "texture": "#fence"},
				"east": {"uv": [0, 0, 5, 1], "texture": "#fence"},
				"south": {"uv": [0, 0, 1, 1], "texture": "#fence"},
				"west": {"uv": [0, 0, 5, 1], "texture": "#fence"},
				"up": {"uv": [0, 0, 5, 1], "rotation": 90, "texture": "#fence"},
				"down": {"uv": [0, 0, 5, 1], "rotation": 270, "texture": "#fence"}
			}
		},
		{
			"from": [7.5, 5, 1],
			"to": [8.5, 6, 6],
			"faces": {
				"north": {"uv": [0, 0, 1, 1], "texture": "#fence"},
				"east": {"uv": [0, 0, 5, 1], "texture": "#fence"},
				"south": {"uv": [0, 0, 1, 1], "texture": "#fence"},
				"west": {"uv": [0, 0, 5, 1], "texture": "#fence"},
				"up": {"uv": [0, 0, 5, 1], "rotation": 90, "texture": "#fence"},
				"down": {"uv": [0, 0, 5, 1], "rotation": 270, "texture": "#fence"}
			}
		},
		{
			"from": [7.5, 3, 1],
			"to": [8.5, 4, 6],
			"faces": {
				"north": {"uv": [0, 0, 1, 1], "texture": "#fence"},
				"east": {"uv": [0, 0, 5, 1], "texture": "#fence"},
				"south": {"uv": [0, 0, 1, 1], "texture": "#fence"},
				"west": {"uv": [0, 0, 5, 1], "texture": "#fence"},
				"up": {"uv": [0, 0, 5, 1], "rotation": 90, "texture": "#fence"},
				"down": {"uv": [0, 0, 5, 1], "rotation": 270, "texture": "#fence"}
			}
		},
		{
			"from": [7.5, 1, 1],
			"to": [8.5, 2, 6],
			"faces": {
				"north": {"uv": [0, 0, 1, 1], "texture": "#fence"},
				"east": {"uv": [0, 0, 5, 1], "texture": "#fence"},
				"south": {"uv": [0, 0, 1, 1], "texture": "#fence"},
				"west": {"uv": [0, 0, 5, 1], "texture": "#fence"},
				"up": {"uv": [0, 0, 5, 1], "rotation": 90, "texture": "#fence"},
				"down": {"uv": [0, 0, 5, 1], "rotation": 270, "texture": "#fence"}
			}
		},
		{
			"from": [7.5, 13, 1],
			"to": [8.5, 14, 6],
			"faces": {
				"north": {"uv": [0, 0, 1, 1], "texture": "#fence"},
				"east": {"uv": [0, 0, 5, 1], "texture": "#fence"},
				"south": {"uv": [0, 0, 1, 1], "texture": "#fence"},
				"west": {"uv": [0, 0, 5, 1], "texture": "#fence"},
				"up": {"uv": [0, 0, 5, 1], "rotation": 90, "texture": "#fence"},
				"down": {"uv": [0, 0, 5, 1], "rotation": 270, "texture": "#fence"}
			}
		}
	]
}