{
	"credit": "Made with Blockbench",
	"texture_size": [32, 32],
	"textures": {
		"0": "fence_straight",
		"particle": "fence_straight"
	},
	"elements": [
		{
			"from": [6, 0, 6],
			"to": [10, 16, 10],
			"rotation": {"angle": 0, "axis": "y", "origin": [8, 8, 8]},
			"faces": {
				"north": {"uv": [0, 0, 2, 8], "texture": "#0"},
				"east": {"uv": [2, 0, 4, 8], "texture": "#0"},
				"south": {"uv": [4, 0, 6, 8], "texture": "#0"},
				"west": {"uv": [6, 0, 8, 8], "texture": "#0"},
				"up": {"uv": [5, 10, 3, 8], "texture": "#0"},
				"down": {"uv": [7, 8, 5, 10], "texture": "#0"}
			}
		},
		{
			"from": [15, 0, 7],
			"to": [16, 15, 9],
			"rotation": {"angle": 0, "axis": "y", "origin": [8, 8, 8]},
			"faces": {
				"north": {"uv": [7, 8, 7.5, 15.5], "texture": "#0"},
				"east": {"uv": [0, 8, 1, 15.5], "texture": "#0"},
				"south": {"uv": [7.5, 8, 8, 15.5], "texture": "#0"},
				"west": {"uv": [8, 0, 9, 7.5], "texture": "#0"},
				"up": {"uv": [12, 3.5, 11.5, 2.5], "texture": "#0"},
				"down": {"uv": [3.5, 11.5, 3, 12.5], "texture": "#0"}
			}
		},
		{
			"from": [0, 0, 7],
			"to": [1, 15, 9],
			"rotation": {"angle": 0, "axis": "y", "origin": [8, 8, 8]},
			"faces": {
				"north": {"uv": [8, 7.5, 8.5, 15], "texture": "#0"},
				"east": {"uv": [1, 8, 2, 15.5], "texture": "#0"},
				"south": {"uv": [8.5, 7.5, 9, 15], "texture": "#0"},
				"west": {"uv": [2, 8, 3, 15.5], "texture": "#0"},
				"up": {"uv": [4, 12.5, 3.5, 11.5], "texture": "#0"},
				"down": {"uv": [12, 3.5, 11.5, 4.5], "texture": "#0"}
			}
		},
		{
			"from": [10, 11, 7.5],
			"to": [15, 14, 8.5],
			"rotation": {"angle": 0, "axis": "y", "origin": [8, 13, 8]},
			"faces": {
				"north": {"uv": [9, 0, 11.5, 1.5], "texture": "#0"},
				"east": {"uv": [5.5, 10, 6, 11.5], "texture": "#0"},
				"south": {"uv": [9, 1.5, 11.5, 3], "texture": "#0"},
				"west": {"uv": [6, 10, 6.5, 11.5], "texture": "#0"},
				"up": {"uv": [5.5, 10.5, 3, 10], "texture": "#0"},
				"down": {"uv": [11.5, 10, 9, 10.5], "texture": "#0"}
			}
		},
		{
			"from": [1, 11, 7.5],
			"to": [6, 14, 8.5],
			"rotation": {"angle": 0, "axis": "y", "origin": [8, 13, 8]},
			"faces": {
				"north": {"uv": [9, 3, 11.5, 4.5], "texture": "#0"},
				"east": {"uv": [6.5, 10, 7, 11.5], "texture": "#0"},
				"south": {"uv": [9, 4.5, 11.5, 6], "texture": "#0"},
				"west": {"uv": [11.5, 1, 12, 2.5], "texture": "#0"},
				"up": {"uv": [5.5, 11, 3, 10.5], "texture": "#0"},
				"down": {"uv": [11.5, 10.5, 9, 11], "texture": "#0"}
			}
		},
		{
			"from": [1, 3, 7.5],
			"to": [6, 5, 8.5],
			"rotation": {"angle": 0, "axis": "y", "origin": [8, 5, 8]},
			"faces": {
				"north": {"uv": [9, 8, 11.5, 9], "texture": "#0"},
				"east": {"uv": [11.5, 4.5, 12, 5.5], "texture": "#0"},
				"south": {"uv": [9, 9, 11.5, 10], "texture": "#0"},
				"west": {"uv": [5, 11.5, 5.5, 12.5], "texture": "#0"},
				"up": {"uv": [14, 0.5, 11.5, 0], "texture": "#0"},
				"down": {"uv": [14, 0.5, 11.5, 1], "texture": "#0"}
			}
		},
		{
			"from": [10, 3, 7.5],
			"to": [15, 5, 8.5],
			"rotation": {"angle": 0, "axis": "y", "origin": [8, 5, 8]},
			"faces": {
				"north": {"uv": [9, 6, 11.5, 7], "texture": "#0"},
				"east": {"uv": [4, 11.5, 4.5, 12.5], "texture": "#0"},
				"south": {"uv": [9, 7, 11.5, 8], "texture": "#0"},
				"west": {"uv": [4.5, 11.5, 5, 12.5], "texture": "#0"},
				"up": {"uv": [5.5, 11.5, 3, 11], "texture": "#0"},
				"down": {"uv": [11.5, 11, 9, 11.5], "texture": "#0"}
			}
		}
	]
}