{
	"credit": "Made with Blockbench",
	"texture_size": [32, 32],
	"textures": {
		"0": "fence_gate_open",
		"particle": "fence_gate_open"
	},
	"elements": [
		{
			"from": [0, 3, 1],
			"to": [2, 14, 2],
			"rotation": {"angle": 0, "axis": "y", "origin": [1, 8, 0]},
			"faces": {
				"north": {"uv": [4, 0, 5, 5.5], "texture": "#0"},
				"east": {"uv": [3, 7.5, 3.5, 13], "texture": "#0"},
				"south": {"uv": [5, 0, 6, 5.5], "texture": "#0"},
				"west": {"uv": [3.5, 7.5, 4, 13], "texture": "#0"},
				"up": {"uv": [11, 2, 10, 1.5], "texture": "#0"},
				"down": {"uv": [11, 2, 10, 2.5], "texture": "#0"}
			}
		},
		{
			"from": [14, 3, 1],
			"to": [16, 14, 2],
			"rotation": {"angle": 0, "axis": "y", "origin": [15, 8, 0]},
			"faces": {
				"north": {"uv": [4, 5.5, 5, 11], "texture": "#0"},
				"east": {"uv": [7.5, 4.5, 8, 10], "texture": "#0"},
				"south": {"uv": [5, 5.5, 6, 11], "texture": "#0"},
				"west": {"uv": [6, 7.5, 6.5, 13], "texture": "#0"},
				"up": {"uv": [11, 3, 10, 2.5], "texture": "#0"},
				"down": {"uv": [11, 3, 10, 3.5], "texture": "#0"}
			}
		},
		{
			"from": [15, 0, 7],
			"to": [16, 15, 9],
			"rotation": {"angle": 0, "axis": "y", "origin": [8, 8, 8]},
			"faces": {
				"north": {"uv": [6, 0, 6.5, 7.5], "texture": "#0"},
				"east": {"uv": [0, 0, 1, 7.5], "texture": "#0"},
				"south": {"uv": [6.5, 0, 7, 7.5], "texture": "#0"},
				"west": {"uv": [1, 0, 2, 7.5], "texture": "#0"},
				"up": {"uv": [10.5, 4.5, 10, 3.5], "texture": "#0"},
				"down": {"uv": [7, 10, 6.5, 11], "texture": "#0"}
			}
		},
		{
			"from": [0, 0, 7],
			"to": [1, 15, 9],
			"rotation": {"angle": 0, "axis": "y", "origin": [8, 8, 8]},
			"faces": {
				"north": {"uv": [7, 0, 7.5, 7.5], "texture": "#0"},
				"east": {"uv": [2, 0, 3, 7.5], "texture": "#0"},
				"south": {"uv": [0, 7.5, 0.5, 15], "texture": "#0"},
				"west": {"uv": [3, 0, 4, 7.5], "texture": "#0"},
				"up": {"uv": [7.5, 11, 7, 10], "texture": "#0"},
				"down": {"uv": [8, 10, 7.5, 11], "texture": "#0"}
			}
		},
		{
			"from": [14.5, 11, 2],
			"to": [15.5, 14, 7],
			"rotation": {"angle": 0, "axis": "y", "origin": [15, 13, 0]},
			"faces": {
				"north": {"uv": [2.5, 9, 3, 10.5], "texture": "#0"},
				"east": {"uv": [7.5, 0, 10, 1.5], "texture": "#0"},
				"south": {"uv": [9, 8.5, 9.5, 10], "texture": "#0"},
				"west": {"uv": [0.5, 7.5, 3, 9], "texture": "#0"},
				"up": {"uv": [7, 10, 6.5, 7.5], "texture": "#0"},
				"down": {"uv": [7.5, 7.5, 7, 10], "texture": "#0"}
			}
		},
		{
			"from": [0.5, 11, 2],
			"to": [1.5, 14, 7],
			"rotation": {"angle": 0, "axis": "y", "origin": [1, 13, 0]},
			"faces": {
				"north": {"uv": [9.5, 8.5, 10, 10], "texture": "#0"},
				"east": {"uv": [7.5, 1.5, 10, 3], "texture": "#0"},
				"south": {"uv": [10, 0, 10.5, 1.5], "texture": "#0"},
				"west": {"uv": [7.5, 3, 10, 4.5], "texture": "#0"},
				"up": {"uv": [8.5, 11, 8, 8.5], "texture": "#0"},
				"down": {"uv": [9, 8.5, 8.5, 11], "texture": "#0"}
			}
		},
		{
			"from": [14.5, 3, 2],
			"to": [15.5, 5, 7],
			"rotation": {"angle": 0, "axis": "y", "origin": [15, 5, 0]},
			"faces": {
				"north": {"uv": [10, 8.5, 10.5, 9.5], "texture": "#0"},
				"east": {"uv": [8, 4.5, 10.5, 5.5], "texture": "#0"},
				"south": {"uv": [9, 10, 9.5, 11], "texture": "#0"},
				"west": {"uv": [8, 5.5, 10.5, 6.5], "texture": "#0"},
				"up": {"uv": [1, 11.5, 0.5, 9], "texture": "#0"},
				"down": {"uv": [1.5, 9, 1, 11.5], "texture": "#0"}
			}
		},
		{
			"from": [0.5, 3, 2],
			"to": [1.5, 5, 7],
			"rotation": {"angle": 0, "axis": "y", "origin": [1, 5, 0]},
			"faces": {
				"north": {"uv": [9.5, 10, 10, 11], "texture": "#0"},
				"east": {"uv": [8, 6.5, 10.5, 7.5], "texture": "#0"},
				"south": {"uv": [10, 9.5, 10.5, 10.5], "texture": "#0"},
				"west": {"uv": [8, 7.5, 10.5, 8.5], "texture": "#0"},
				"up": {"uv": [2, 11.5, 1.5, 9], "texture": "#0"},
				"down": {"uv": [2.5, 9, 2, 11.5], "texture": "#0"}
			}
		}
	]
}