{
	"credit": "Made with Blockbench",
	"texture_size": [32, 32],
	"textures": {
		"0": "fence_end",
		"particle": "fence_end"
	},
	"elements": [
		{
			"from": [6, 0, 6],
			"to": [10, 16, 10],
			"rotation": {"angle": 0, "axis": "y", "origin": [8, 8, 8]},
			"faces": {
				"north": {"uv": [0, 0, 2, 8], "texture": "#0"},
				"east": {"uv": [2, 0, 4, 8], "texture": "#0"},
				"south": {"uv": [4, 0, 6, 8], "texture": "#0"},
				"west": {"uv": [6, 0, 8, 8], "texture": "#0"},
				"up": {"uv": [3, 10, 1, 8], "texture": "#0"},
				"down": {"uv": [5, 8, 3, 10], "texture": "#0"}
			}
		},
		{
			"from": [7, 0, 0],
			"to": [9, 15, 1],
			"rotation": {"angle": 0, "axis": "y", "origin": [8, 8, 8]},
			"faces": {
				"north": {"uv": [0, 8, 1, 15.5], "texture": "#0"},
				"east": {"uv": [5, 8, 5.5, 15.5], "texture": "#0"},
				"south": {"uv": [8, 0, 9, 7.5], "texture": "#0"},
				"west": {"uv": [5.5, 8, 6, 15.5], "texture": "#0"},
				"up": {"uv": [10, 7.5, 9, 7], "texture": "#0"},
				"down": {"uv": [10.5, 5, 9.5, 5.5], "texture": "#0"}
			}
		},
		{
			"from": [7.5, 11, 1],
			"to": [8.5, 14, 6],
			"rotation": {"angle": 0, "axis": "y", "origin": [8, 13, 8]},
			"faces": {
				"north": {"uv": [9.5, 2, 10, 3.5], "texture": "#0"},
				"east": {"uv": [6, 8, 8.5, 9.5], "texture": "#0"},
				"south": {"uv": [9.5, 3.5, 10, 5], "texture": "#0"},
				"west": {"uv": [8.5, 7.5, 11, 9], "texture": "#0"},
				"up": {"uv": [9.5, 4.5, 9, 2], "texture": "#0"},
				"down": {"uv": [9.5, 4.5, 9, 7], "texture": "#0"}
			}
		},
		{
			"from": [7.5, 3, 1],
			"to": [8.5, 5, 6],
			"rotation": {"angle": 0, "axis": "y", "origin": [8, 5, 8]},
			"faces": {
				"north": {"uv": [9.5, 5.5, 10, 6.5], "texture": "#0"},
				"east": {"uv": [9, 0, 11.5, 1], "texture": "#0"},
				"south": {"uv": [6, 9.5, 6.5, 10.5], "texture": "#0"},
				"west": {"uv": [9, 1, 11.5, 2], "texture": "#0"},
				"up": {"uv": [9, 11.5, 8.5, 9], "texture": "#0"},
				"down": {"uv": [9.5, 9, 9, 11.5], "texture": "#0"}
			}
		}
	]
}