{
	"credit": "Made with Blockbench",
	"texture_size": [32, 32],
	"textures": {
		"0": "fence_gate_closed",
		"particle": "fence_gate_closed"
	},
	"elements": [
		{
			"from": [9, 3, 7],
			"to": [10, 14, 9],
			"rotation": {"angle": 0, "axis": "y", "origin": [8, 8, 8]},
			"faces": {
				"north": {"uv": [7.5, 4.5, 8, 10], "texture": "#0"},
				"east": {"uv": [4, 5.5, 5, 11], "texture": "#0"},
				"south": {"uv": [6, 7.5, 6.5, 13], "texture": "#0"},
				"west": {"uv": [5, 5.5, 6, 11], "texture": "#0"},
				"up": {"uv": [10.5, 4, 10, 3], "texture": "#0"},
				"down": {"uv": [8, 10, 7.5, 11], "texture": "#0"}
			}
		},
		{
			"from": [6, 3, 7],
			"to": [7, 14, 9],
			"rotation": {"angle": 0, "axis": "y", "origin": [8, 8, 8]},
			"faces": {
				"north": {"uv": [3, 7.5, 3.5, 13], "texture": "#0"},
				"east": {"uv": [4, 0, 5, 5.5], "texture": "#0"},
				"south": {"uv": [3.5, 7.5, 4, 13], "texture": "#0"},
				"west": {"uv": [5, 0, 6, 5.5], "texture": "#0"},
				"up": {"uv": [10.5, 2, 10, 1], "texture": "#0"},
				"down": {"uv": [10.5, 2, 10, 3], "texture": "#0"}
			}
		},
		{
			"from": [15, 0, 7],
			"to": [16, 15, 9],
			"rotation": {"angle": 0, "axis": "y", "origin": [8, 8, 8]},
			"faces": {
				"north": {"uv": [6, 0, 6.5, 7.5], "texture": "#0"},
				"east": {"uv": [0, 0, 1, 7.5], "texture": "#0"},
				"south": {"uv": [6.5, 0, 7, 7.5], "texture": "#0"},
				"west": {"uv": [1, 0, 2, 7.5], "texture": "#0"},
				"up": {"uv": [8.5, 11, 8, 10], "texture": "#0"},
				"down": {"uv": [9, 10, 8.5, 11], "texture": "#0"}
			}
		},
		{
			"from": [0, 0, 7],
			"to": [1, 15, 9],
			"rotation": {"angle": 0, "axis": "y", "origin": [8, 8, 8]},
			"faces": {
				"north": {"uv": [7, 0, 7.5, 7.5], "texture": "#0"},
				"east": {"uv": [2, 0, 3, 7.5], "texture": "#0"},
				"south": {"uv": [0, 7.5, 0.5, 15], "texture": "#0"},
				"west": {"uv": [3, 0, 4, 7.5], "texture": "#0"},
				"up": {"uv": [9.5, 11, 9, 10], "texture": "#0"},
				"down": {"uv": [10, 10, 9.5, 11], "texture": "#0"}
			}
		},
		{
			"from": [10, 11, 7.5],
			"to": [15, 14, 8.5],
			"rotation": {"angle": 0, "axis": "y", "origin": [8, 13, 8]},
			"faces": {
				"north": {"uv": [7.5, 0, 10, 1.5], "texture": "#0"},
				"east": {"uv": [6.5, 7.5, 7, 9], "texture": "#0"},
				"south": {"uv": [0.5, 7.5, 3, 9], "texture": "#0"},
				"west": {"uv": [7, 7.5, 7.5, 9], "texture": "#0"},
				"up": {"uv": [10.5, 9, 8, 8.5], "texture": "#0"},
				"down": {"uv": [3, 9, 0.5, 9.5], "texture": "#0"}
			}
		},
		{
			"from": [1, 11, 7.5],
			"to": [6, 14, 8.5],
			"rotation": {"angle": 0, "axis": "y", "origin": [8, 13, 8]},
			"faces": {
				"north": {"uv": [7.5, 1.5, 10, 3], "texture": "#0"},
				"east": {"uv": [6.5, 9, 7, 10.5], "texture": "#0"},
				"south": {"uv": [7.5, 3, 10, 4.5], "texture": "#0"},
				"west": {"uv": [7, 9, 7.5, 10.5], "texture": "#0"},
				"up": {"uv": [10.5, 9.5, 8, 9], "texture": "#0"},
				"down": {"uv": [3, 9.5, 0.5, 10], "texture": "#0"}
			}
		},
		{
			"from": [10, 3, 7.5],
			"to": [15, 5, 8.5],
			"rotation": {"angle": 0, "axis": "y", "origin": [8, 5, 8]},
			"faces": {
				"north": {"uv": [8, 4.5, 10.5, 5.5], "texture": "#0"},
				"east": {"uv": [10, 10, 10.5, 11], "texture": "#0"},
				"south": {"uv": [8, 5.5, 10.5, 6.5], "texture": "#0"},
				"west": {"uv": [0.5, 10.5, 1, 11.5], "texture": "#0"},
				"up": {"uv": [10.5, 10, 8, 9.5], "texture": "#0"},
				"down": {"uv": [12.5, 0, 10, 0.5], "texture": "#0"}
			}
		},
		{
			"from": [1, 3, 7.5],
			"to": [6, 5, 8.5],
			"rotation": {"angle": 0, "axis": "y", "origin": [8, 5, 8]},
			"faces": {
				"north": {"uv": [8, 6.5, 10.5, 7.5], "texture": "#0"},
				"east": {"uv": [1, 10.5, 1.5, 11.5], "texture": "#0"},
				"south": {"uv": [8, 7.5, 10.5, 8.5], "texture": "#0"},
				"west": {"uv": [10.5, 1, 11, 2], "texture": "#0"},
				"up": {"uv": [3, 10.5, 0.5, 10], "texture": "#0"},
				"down": {"uv": [12.5, 0.5, 10, 1], "texture": "#0"}
			}
		}
	]
}