{
	"credit": "Made with Blockbench",
	"texture_size": [64, 64],
	"textures": {
		"0": "outer",
		"1": "base",
		"particle": "outer"
	},
	"elements": [
		{
			"from": [0, 0, 0],
			"to": [16, 1, 16],
			"faces": {
				"north": {"uv": [6.5, 8, 10.5, 8.25], "texture": "#1"},
				"east": {"uv": [6.5, 8.25, 10.5, 8.5], "texture": "#1"},
				"south": {"uv": [6.5, 8.5, 10.5, 8.75], "texture": "#1"},
				"west": {"uv": [6.5, 8.75, 10.5, 9], "texture": "#1"},
				"up": {"uv": [4, 4, 0, 0], "texture": "#1"},
				"down": {"uv": [4, 4, 0, 8], "texture": "#1"}
			}
		},
		{
			"from": [7, 1, 0],
			"to": [9, 6, 1],
			"faces": {
				"north": {"uv": [2, 5, 4, 10], "texture": "#0"},
				"east": {"uv": [6, 8, 7, 13], "texture": "#0"},
				"south": {"uv": [4, 5, 6, 10], "texture": "#0"},
				"west": {"uv": [8, 6, 9, 11], "texture": "#0"},
				"up": {"uv": [12, 8, 10, 7], "texture": "#0"},
				"down": {"uv": [12, 8, 10, 9], "texture": "#0"}
			}
		},
		{
			"from": [7, 9, 3],
			"to": [9, 10, 6],
			"faces": {
				"north": {"uv": [10, 5, 12, 6], "texture": "#0"},
				"east": {"uv": [2, 10, 5, 11], "texture": "#0"},
				"south": {"uv": [10, 6, 12, 7], "texture": "#0"},
				"west": {"uv": [10, 2, 13, 3], "texture": "#0"},
				"up": {"uv": [10, 3, 8, 0], "texture": "#0"},
				"down": {"uv": [10, 3, 8, 6], "texture": "#0"}
			}
		},
		{
			"from": [7, 5, 1],
			"to": [9, 10, 3],
			"faces": {
				"north": {"uv": [0, 0, 2, 5], "texture": "#0"},
				"east": {"uv": [2, 0, 4, 5], "texture": "#0"},
				"south": {"uv": [4, 0, 6, 5], "texture": "#0"},
				"west": {"uv": [0, 5, 2, 10], "texture": "#0"},
				"up": {"uv": [2, 12, 0, 10], "texture": "#0"},
				"down": {"uv": [12, 0, 10, 2], "texture": "#0"}
			}
		},
		{
			"from": [7, 5, 5],
			"to": [9, 9, 6],
			"faces": {
				"north": {"uv": [6, 0, 8, 4], "texture": "#0"},
				"east": {"uv": [7, 8, 8, 12], "texture": "#0"},
				"south": {"uv": [6, 4, 8, 8], "texture": "#0"},
				"west": {"uv": [9, 6, 10, 10], "texture": "#0"},
				"up": {"uv": [12, 4, 10, 3], "texture": "#0"},
				"down": {"uv": [12, 4, 10, 5], "texture": "#0"}
			}
		},
		{
			"from": [10, 5, 7],
			"to": [11, 9, 9],
			"faces": {
				"north": {"uv": [9, 6, 10, 10], "texture": "#0"},
				"east": {"uv": [6, 0, 8, 4], "texture": "#0"},
				"south": {"uv": [7, 8, 8, 12], "texture": "#0"},
				"west": {"uv": [6, 4, 8, 8], "texture": "#0"},
				"up": {"uv": [12, 4, 10, 3], "rotation": 90, "texture": "#0"},
				"down": {"uv": [12, 4, 10, 5], "rotation": 270, "texture": "#0"}
			}
		},
		{
			"from": [10, 9, 7],
			"to": [13, 10, 9],
			"faces": {
				"north": {"uv": [10, 2, 13, 3], "texture": "#0"},
				"east": {"uv": [10, 5, 12, 6], "texture": "#0"},
				"south": {"uv": [2, 10, 5, 11], "texture": "#0"},
				"west": {"uv": [10, 6, 12, 7], "texture": "#0"},
				"up": {"uv": [10, 3, 8, 0], "rotation": 90, "texture": "#0"},
				"down": {"uv": [10, 3, 8, 6], "rotation": 270, "texture": "#0"}
			}
		},
		{
			"from": [13, 5, 7],
			"to": [15, 10, 9],
			"faces": {
				"north": {"uv": [0, 5, 2, 10], "texture": "#0"},
				"east": {"uv": [0, 0, 2, 5], "texture": "#0"},
				"south": {"uv": [2, 0, 4, 5], "texture": "#0"},
				"west": {"uv": [4, 0, 6, 5], "texture": "#0"},
				"up": {"uv": [2, 12, 0, 10], "rotation": 90, "texture": "#0"},
				"down": {"uv": [12, 0, 10, 2], "rotation": 270, "texture": "#0"}
			}
		},
		{
			"from": [15, 1, 7],
			"to": [16, 6, 9],
			"faces": {
				"north": {"uv": [8, 6, 9, 11], "texture": "#0"},
				"east": {"uv": [2, 5, 4, 10], "texture": "#0"},
				"south": {"uv": [6, 8, 7, 13], "texture": "#0"},
				"west": {"uv": [4, 5, 6, 10], "texture": "#0"},
				"up": {"uv": [12, 8, 10, 7], "rotation": 90, "texture": "#0"},
				"down": {"uv": [12, 8, 10, 9], "rotation": 270, "texture": "#0"}
			}
		},
		{
			"from": [5, 5, 7],
			"to": [6, 9, 9],
			"faces": {
				"north": {"uv": [7, 8, 8, 12], "texture": "#0"},
				"east": {"uv": [6, 4, 8, 8], "texture": "#0"},
				"south": {"uv": [9, 6, 10, 10], "texture": "#0"},
				"west": {"uv": [6, 0, 8, 4], "texture": "#0"},
				"up": {"uv": [12, 4, 10, 3], "rotation": 270, "texture": "#0"},
				"down": {"uv": [12, 4, 10, 5], "rotation": 90, "texture": "#0"}
			}
		},
		{
			"from": [3, 9, 7],
			"to": [6, 10, 9],
			"faces": {
				"north": {"uv": [2, 10, 5, 11], "texture": "#0"},
				"east": {"uv": [10, 6, 12, 7], "texture": "#0"},
				"south": {"uv": [10, 2, 13, 3], "texture": "#0"},
				"west": {"uv": [10, 5, 12, 6], "texture": "#0"},
				"up": {"uv": [10, 3, 8, 0], "rotation": 270, "texture": "#0"},
				"down": {"uv": [10, 3, 8, 6], "rotation": 90, "texture": "#0"}
			}
		},
		{
			"from": [1, 5, 7],
			"to": [3, 10, 9],
			"faces": {
				"north": {"uv": [2, 0, 4, 5], "texture": "#0"},
				"east": {"uv": [4, 0, 6, 5], "texture": "#0"},
				"south": {"uv": [0, 5, 2, 10], "texture": "#0"},
				"west": {"uv": [0, 0, 2, 5], "texture": "#0"},
				"up": {"uv": [2, 12, 0, 10], "rotation": 270, "texture": "#0"},
				"down": {"uv": [12, 0, 10, 2], "rotation": 90, "texture": "#0"}
			}
		},
		{
			"from": [0, 1, 7],
			"to": [1, 6, 9],
			"faces": {
				"north": {"uv": [6, 8, 7, 13], "texture": "#0"},
				"east": {"uv": [4, 5, 6, 10], "texture": "#0"},
				"south": {"uv": [8, 6, 9, 11], "texture": "#0"},
				"west": {"uv": [2, 5, 4, 10], "texture": "#0"},
				"up": {"uv": [12, 8, 10, 7], "rotation": 270, "texture": "#0"},
				"down": {"uv": [12, 8, 10, 9], "rotation": 90, "texture": "#0"}
			}
		},
		{
			"from": [7, 5, 10],
			"to": [9, 9, 11],
			"faces": {
				"north": {"uv": [6, 4, 8, 8], "texture": "#0"},
				"east": {"uv": [9, 6, 10, 10], "texture": "#0"},
				"south": {"uv": [6, 0, 8, 4], "texture": "#0"},
				"west": {"uv": [7, 8, 8, 12], "texture": "#0"},
				"up": {"uv": [12, 4, 10, 3], "rotation": 180, "texture": "#0"},
				"down": {"uv": [12, 4, 10, 5], "rotation": 180, "texture": "#0"}
			}
		},
		{
			"from": [7, 9, 10],
			"to": [9, 10, 13],
			"faces": {
				"north": {"uv": [10, 6, 12, 7], "texture": "#0"},
				"east": {"uv": [10, 2, 13, 3], "texture": "#0"},
				"south": {"uv": [10, 5, 12, 6], "texture": "#0"},
				"west": {"uv": [2, 10, 5, 11], "texture": "#0"},
				"up": {"uv": [10, 3, 8, 0], "rotation": 180, "texture": "#0"},
				"down": {"uv": [10, 3, 8, 6], "rotation": 180, "texture": "#0"}
			}
		},
		{
			"from": [7, 5, 13],
			"to": [9, 10, 15],
			"faces": {
				"north": {"uv": [4, 0, 6, 5], "texture": "#0"},
				"east": {"uv": [0, 5, 2, 10], "texture": "#0"},
				"south": {"uv": [0, 0, 2, 5], "texture": "#0"},
				"west": {"uv": [2, 0, 4, 5], "texture": "#0"},
				"up": {"uv": [2, 12, 0, 10], "rotation": 180, "texture": "#0"},
				"down": {"uv": [12, 0, 10, 2], "rotation": 180, "texture": "#0"}
			}
		},
		{
			"from": [7, 1, 15],
			"to": [9, 6, 16],
			"faces": {
				"north": {"uv": [4, 5, 6, 10], "texture": "#0"},
				"east": {"uv": [8, 6, 9, 11], "texture": "#0"},
				"south": {"uv": [2, 5, 4, 10], "texture": "#0"},
				"west": {"uv": [6, 8, 7, 13], "texture": "#0"},
				"up": {"uv": [12, 8, 10, 7], "rotation": 180, "texture": "#0"},
				"down": {"uv": [12, 8, 10, 9], "rotation": 180, "texture": "#0"}
			}
		},
		{
			"from": [1, 1, 1],
			"to": [15, 5, 15],
			"faces": {
				"north": {"uv": [4, 7, 7.5, 8], "texture": "#1"},
				"east": {"uv": [7.5, 0, 11, 1], "texture": "#1"},
				"south": {"uv": [7.5, 1, 11, 2], "texture": "#1"},
				"west": {"uv": [7.5, 2, 11, 3], "texture": "#1"},
				"up": {"uv": [7.5, 3.5, 4, 0], "texture": "#1"},
				"down": {"uv": [7.5, 3.5, 4, 7], "texture": "#1"}
			}
		},
		{
			"from": [3, 5, 3],
			"to": [5, 9, 13],
			"faces": {
				"north": {"uv": [9, 7, 9.5, 8], "texture": "#1"},
				"east": {"uv": [7.5, 3, 10, 4], "texture": "#1"},
				"south": {"uv": [8, 9, 8.5, 10], "texture": "#1"},
				"west": {"uv": [7.5, 4, 10, 5], "texture": "#1"},
				"up": {"uv": [5, 10.5, 4.5, 8], "texture": "#1"},
				"down": {"uv": [5.5, 8, 5, 10.5], "texture": "#1"}
			}
		},
		{
			"from": [11, 5, 3],
			"to": [13, 9, 13],
			"faces": {
				"north": {"uv": [0, 9.5, 0.5, 10.5], "texture": "#1"},
				"east": {"uv": [7.5, 5, 10, 6], "texture": "#1"},
				"south": {"uv": [0.5, 9.5, 1, 10.5], "texture": "#1"},
				"west": {"uv": [7.5, 6, 10, 7], "texture": "#1"},
				"up": {"uv": [6, 10.5, 5.5, 8], "texture": "#1"},
				"down": {"uv": [6.5, 8, 6, 10.5], "texture": "#1"}
			}
		},
		{
			"from": [5, 5, 11],
			"to": [11, 9, 13],
			"faces": {
				"north": {"uv": [1.5, 8, 3, 9], "texture": "#1"},
				"east": {"uv": [1, 9.5, 1.5, 10.5], "texture": "#1"},
				"south": {"uv": [3, 8, 4.5, 9], "texture": "#1"},
				"west": {"uv": [1.5, 9.5, 2, 10.5], "texture": "#1"},
				"up": {"uv": [4.5, 9.5, 3, 9], "texture": "#1"},
				"down": {"uv": [8, 9, 6.5, 9.5], "texture": "#1"}
			}
		},
		{
			"from": [5, 5, 3],
			"to": [11, 9, 5],
			"faces": {
				"north": {"uv": [7.5, 7, 9, 8], "texture": "#1"},
				"east": {"uv": [8.5, 9, 9, 10], "texture": "#1"},
				"south": {"uv": [0, 8, 1.5, 9], "texture": "#1"},
				"west": {"uv": [9, 9, 9.5, 10], "texture": "#1"},
				"up": {"uv": [1.5, 9.5, 0, 9], "texture": "#1"},
				"down": {"uv": [3, 9, 1.5, 9.5], "texture": "#1"}
			}
		}
	]
}