{
	"credit": "Made with Blockbench",
	"texture_size": [64, 64],
	"textures": {
		"1": "base",
		"2": "block",
		"3": "top",
		"particle": "block"
	},
	"elements": [
		{
			"from": [5, 14, 5],
			"to": [11, 15, 11],
			"rotation": {"angle": 0, "axis": "y", "origin": [0, -1, 0]},
			"color": 4,
			"faces": {
				"north": {"uv": [0, 0, 1.5, 0.25], "texture": "#missing"},
				"east": {"uv": [0, 0, 1.5, 0.25], "texture": "#missing"},
				"south": {"uv": [0, 0, 1.5, 0.25], "texture": "#missing"},
				"west": {"uv": [0, 0, 1.5, 0.25], "texture": "#missing"},
				"up": {"uv": [0, 0, 1.5, 1.5], "rotation": 90, "texture": "#missing"},
				"down": {"uv": [0, 0, 1.5, 1.5], "rotation": 270, "texture": "#missing"}
			}
		},
		{
			"from": [6, 13, 6],
			"to": [10, 14, 10],
			"rotation": {"angle": 0, "axis": "y", "origin": [0, -1, 0]},
			"color": 3,
			"faces": {
				"north": {"uv": [0, 0, 1, 0.25], "texture": "#missing"},
				"east": {"uv": [0, 0, 1, 0.25], "texture": "#missing"},
				"south": {"uv": [0, 0, 1, 0.25], "texture": "#missing"},
				"west": {"uv": [0, 0, 1, 0.25], "texture": "#missing"},
				"up": {"uv": [0, 0, 1, 1], "rotation": 90, "texture": "#missing"},
				"down": {"uv": [0, 0, 1, 1], "rotation": 270, "texture": "#missing"}
			}
		},
		{
			"from": [6, 15, 6],
			"to": [7, 16, 10],
			"rotation": {"angle": 0, "axis": "y", "origin": [0, -1, 0]},
			"color": 3,
			"faces": {
				"north": {"uv": [0, 0, 0.25, 0.25], "texture": "#missing"},
				"east": {"uv": [0, 0, 1, 0.25], "texture": "#missing"},
				"south": {"uv": [0, 0, 0.25, 0.25], "texture": "#missing"},
				"west": {"uv": [0, 0, 1, 0.25], "texture": "#missing"},
				"up": {"uv": [0, 0, 1, 0.25], "rotation": 90, "texture": "#missing"},
				"down": {"uv": [0, 0, 1, 0.25], "rotation": 270, "texture": "#missing"}
			}
		},
		{
			"from": [9, 15, 6],
			"to": [10, 16, 10],
			"rotation": {"angle": 0, "axis": "y", "origin": [0, -1, 0]},
			"color": 3,
			"faces": {
				"north": {"uv": [0, 0, 0.25, 0.25], "texture": "#missing"},
				"east": {"uv": [0, 0, 1, 0.25], "texture": "#missing"},
				"south": {"uv": [0, 0, 0.25, 0.25], "texture": "#missing"},
				"west": {"uv": [0, 0, 1, 0.25], "texture": "#missing"},
				"up": {"uv": [0, 0, 1, 0.25], "rotation": 90, "texture": "#missing"},
				"down": {"uv": [0, 0, 1, 0.25], "rotation": 270, "texture": "#missing"}
			}
		},
		{
			"from": [7, 15, 5],
			"to": [9, 16, 7],
			"rotation": {"angle": 0, "axis": "y", "origin": [0, -1, 0]},
			"color": 3,
			"faces": {
				"north": {"uv": [0, 0, 0.5, 0.25], "texture": "#missing"},
				"east": {"uv": [0, 0, 0.5, 0.25], "texture": "#missing"},
				"south": {"uv": [0, 0, 0.5, 0.25], "texture": "#missing"},
				"west": {"uv": [0, 0, 0.5, 0.25], "texture": "#missing"},
				"up": {"uv": [0, 0, 0.5, 0.5], "rotation": 90, "texture": "#missing"},
				"down": {"uv": [0, 0, 0.5, 0.5], "rotation": 270, "texture": "#missing"}
			}
		},
		{
			"from": [7, 15, 9],
			"to": [9, 16, 11],
			"rotation": {"angle": 0, "axis": "y", "origin": [0, -1, 0]},
			"color": 3,
			"faces": {
				"north": {"uv": [0, 0, 0.5, 0.25], "texture": "#missing"},
				"east": {"uv": [0, 0, 0.5, 0.25], "texture": "#missing"},
				"south": {"uv": [0, 0, 0.5, 0.25], "texture": "#missing"},
				"west": {"uv": [0, 0, 0.5, 0.25], "texture": "#missing"},
				"up": {"uv": [0, 0, 0.5, 0.5], "rotation": 90, "texture": "#missing"},
				"down": {"uv": [0, 0, 0.5, 0.5], "rotation": 270, "texture": "#missing"}
			}
		},
		{
			"from": [5, 15, 7],
			"to": [6, 16, 9],
			"rotation": {"angle": 0, "axis": "y", "origin": [0, -1, 0]},
			"color": 3,
			"faces": {
				"north": {"uv": [0, 0, 0.25, 0.25], "texture": "#missing"},
				"east": {"uv": [0, 0, 0.5, 0.25], "texture": "#missing"},
				"south": {"uv": [0, 0, 0.25, 0.25], "texture": "#missing"},
				"west": {"uv": [0, 0, 0.5, 0.25], "texture": "#missing"},
				"up": {"uv": [0, 0, 0.5, 0.25], "rotation": 90, "texture": "#missing"},
				"down": {"uv": [0, 0, 0.5, 0.25], "rotation": 270, "texture": "#missing"}
			}
		},
		{
			"from": [10, 15, 7],
			"to": [11, 16, 9],
			"rotation": {"angle": 0, "axis": "y", "origin": [0, -1, 0]},
			"color": 3,
			"faces": {
				"north": {"uv": [0, 0, 0.25, 0.25], "texture": "#missing"},
				"east": {"uv": [0, 0, 0.5, 0.25], "texture": "#missing"},
				"south": {"uv": [0, 0, 0.25, 0.25], "texture": "#missing"},
				"west": {"uv": [0, 0, 0.5, 0.25], "texture": "#missing"},
				"up": {"uv": [0, 0, 0.5, 0.25], "rotation": 90, "texture": "#missing"},
				"down": {"uv": [0, 0, 0.5, 0.25], "rotation": 270, "texture": "#missing"}
			}
		},
		{
			"from": [5, 13, 6],
			"to": [6, 14, 7],
			"rotation": {"angle": 0, "axis": "y", "origin": [0, -1, 0]},
			"color": 5,
			"faces": {
				"north": {"uv": [0, 0, 0.25, 0.25], "texture": "#missing"},
				"east": {"uv": [0, 0, 0.25, 0.25], "texture": "#missing"},
				"south": {"uv": [0, 0, 0.25, 0.25], "texture": "#missing"},
				"west": {"uv": [0, 0, 0.25, 0.25], "texture": "#missing"},
				"up": {"uv": [0, 0, 0.25, 0.25], "rotation": 90, "texture": "#missing"},
				"down": {"uv": [0, 0, 0.25, 0.25], "rotation": 270, "texture": "#missing"}
			}
		},
		{
			"from": [10, 13, 6],
			"to": [11, 14, 7],
			"rotation": {"angle": 0, "axis": "y", "origin": [0, -1, 0]},
			"color": 5,
			"faces": {
				"north": {"uv": [0, 0, 0.25, 0.25], "texture": "#missing"},
				"east": {"uv": [0, 0, 0.25, 0.25], "texture": "#missing"},
				"south": {"uv": [0, 0, 0.25, 0.25], "texture": "#missing"},
				"west": {"uv": [0, 0, 0.25, 0.25], "texture": "#missing"},
				"up": {"uv": [0, 0, 0.25, 0.25], "rotation": 90, "texture": "#missing"},
				"down": {"uv": [0, 0, 0.25, 0.25], "rotation": 270, "texture": "#missing"}
			}
		},
		{
			"from": [10, 13, 9],
			"to": [11, 14, 10],
			"rotation": {"angle": 0, "axis": "y", "origin": [0, -1, 0]},
			"color": 5,
			"faces": {
				"north": {"uv": [0, 0, 0.25, 0.25], "texture": "#missing"},
				"east": {"uv": [0, 0, 0.25, 0.25], "texture": "#missing"},
				"south": {"uv": [0, 0, 0.25, 0.25], "texture": "#missing"},
				"west": {"uv": [0, 0, 0.25, 0.25], "texture": "#missing"},
				"up": {"uv": [0, 0, 0.25, 0.25], "rotation": 90, "texture": "#missing"},
				"down": {"uv": [0, 0, 0.25, 0.25], "rotation": 270, "texture": "#missing"}
			}
		},
		{
			"from": [5, 13, 9],
			"to": [6, 14, 10],
			"rotation": {"angle": 0, "axis": "y", "origin": [0, -1, 0]},
			"color": 5,
			"faces": {
				"north": {"uv": [0, 0, 0.25, 0.25], "texture": "#missing"},
				"east": {"uv": [0, 0, 0.25, 0.25], "texture": "#missing"},
				"south": {"uv": [0, 0, 0.25, 0.25], "texture": "#missing"},
				"west": {"uv": [0, 0, 0.25, 0.25], "texture": "#missing"},
				"up": {"uv": [0, 0, 0.25, 0.25], "rotation": 90, "texture": "#missing"},
				"down": {"uv": [0, 0, 0.25, 0.25], "rotation": 270, "texture": "#missing"}
			}
		},
		{
			"from": [5, 12, 5],
			"to": [6, 13, 11],
			"rotation": {"angle": 0, "axis": "y", "origin": [0, -1, 0]},
			"color": 5,
			"faces": {
				"north": {"uv": [0, 0, 0.25, 0.25], "texture": "#missing"},
				"east": {"uv": [0, 0, 1.5, 0.25], "texture": "#missing"},
				"south": {"uv": [0, 0, 0.25, 0.25], "texture": "#missing"},
				"west": {"uv": [0, 0, 1.5, 0.25], "texture": "#missing"},
				"up": {"uv": [0, 0, 1.5, 0.25], "rotation": 90, "texture": "#missing"},
				"down": {"uv": [0, 0, 1.5, 0.25], "rotation": 270, "texture": "#missing"}
			}
		},
		{
			"from": [10, 12, 5],
			"to": [11, 13, 11],
			"rotation": {"angle": 0, "axis": "y", "origin": [0, -1, 0]},
			"color": 5,
			"faces": {
				"north": {"uv": [0, 0, 0.25, 0.25], "texture": "#missing"},
				"east": {"uv": [0, 0, 1.5, 0.25], "texture": "#missing"},
				"south": {"uv": [0, 0, 0.25, 0.25], "texture": "#missing"},
				"west": {"uv": [0, 0, 1.5, 0.25], "texture": "#missing"},
				"up": {"uv": [0, 0, 1.5, 0.25], "rotation": 90, "texture": "#missing"},
				"down": {"uv": [0, 0, 1.5, 0.25], "rotation": 270, "texture": "#missing"}
			}
		},
		{
			"from": [7, 13, 5],
			"to": [9, 14, 6],
			"rotation": {"angle": 0, "axis": "y", "origin": [0, -1, 0]},
			"color": 5,
			"faces": {
				"north": {"uv": [0, 0, 0.5, 0.25], "texture": "#missing"},
				"east": {"uv": [0, 0, 0.25, 0.25], "texture": "#missing"},
				"south": {"uv": [0, 0, 0.5, 0.25], "texture": "#missing"},
				"west": {"uv": [0, 0, 0.25, 0.25], "texture": "#missing"},
				"up": {"uv": [0, 0, 0.25, 0.5], "rotation": 90, "texture": "#missing"},
				"down": {"uv": [0, 0, 0.25, 0.5], "rotation": 270, "texture": "#missing"}
			}
		},
		{
			"from": [7, 13, 10],
			"to": [9, 14, 11],
			"rotation": {"angle": 0, "axis": "y", "origin": [0, -1, 0]},
			"color": 5,
			"faces": {
				"north": {"uv": [0, 0, 0.5, 0.25], "texture": "#missing"},
				"east": {"uv": [0, 0, 0.25, 0.25], "texture": "#missing"},
				"south": {"uv": [0, 0, 0.5, 0.25], "texture": "#missing"},
				"west": {"uv": [0, 0, 0.25, 0.25], "texture": "#missing"},
				"up": {"uv": [0, 0, 0.25, 0.5], "rotation": 90, "texture": "#missing"},
				"down": {"uv": [0, 0, 0.25, 0.5], "rotation": 270, "texture": "#missing"}
			}
		},
		{
			"from": [7, 12, 5],
			"to": [9, 13, 11],
			"rotation": {"angle": 0, "axis": "y", "origin": [0, -1, 0]},
			"color": 5,
			"faces": {
				"north": {"uv": [0, 0, 0.5, 0.25], "texture": "#missing"},
				"east": {"uv": [0, 0, 1.5, 0.25], "texture": "#missing"},
				"south": {"uv": [0, 0, 0.5, 0.25], "texture": "#missing"},
				"west": {"uv": [0, 0, 1.5, 0.25], "texture": "#missing"},
				"up": {"uv": [0, 0, 1.5, 0.5], "rotation": 90, "texture": "#missing"},
				"down": {"uv": [0, 0, 1.5, 0.5], "rotation": 270, "texture": "#missing"}
			}
		},
		{
			"from": [5, 11, 10],
			"to": [6, 12, 11],
			"rotation": {"angle": 0, "axis": "y", "origin": [0, -1, 0]},
			"color": 5,
			"faces": {
				"north": {"uv": [0, 0, 0.25, 0.25], "texture": "#missing"},
				"east": {"uv": [0, 0, 0.25, 0.25], "texture": "#missing"},
				"south": {"uv": [0, 0, 0.25, 0.25], "texture": "#missing"},
				"west": {"uv": [0, 0, 0.25, 0.25], "texture": "#missing"},
				"up": {"uv": [0, 0, 0.25, 0.25], "rotation": 90, "texture": "#missing"},
				"down": {"uv": [0, 0, 0.25, 0.25], "rotation": 270, "texture": "#missing"}
			}
		},
		{
			"from": [5, 11, 5],
			"to": [6, 12, 6],
			"rotation": {"angle": 0, "axis": "y", "origin": [0, -1, 0]},
			"color": 5,
			"faces": {
				"north": {"uv": [0, 0, 0.25, 0.25], "texture": "#missing"},
				"east": {"uv": [0, 0, 0.25, 0.25], "texture": "#missing"},
				"south": {"uv": [0, 0, 0.25, 0.25], "texture": "#missing"},
				"west": {"uv": [0, 0, 0.25, 0.25], "texture": "#missing"},
				"up": {"uv": [0, 0, 0.25, 0.25], "rotation": 90, "texture": "#missing"},
				"down": {"uv": [0, 0, 0.25, 0.25], "rotation": 270, "texture": "#missing"}
			}
		},
		{
			"from": [10, 11, 5],
			"to": [11, 12, 6],
			"rotation": {"angle": 0, "axis": "y", "origin": [0, -1, 0]},
			"color": 5,
			"faces": {
				"north": {"uv": [0, 0, 0.25, 0.25], "texture": "#missing"},
				"east": {"uv": [0, 0, 0.25, 0.25], "texture": "#missing"},
				"south": {"uv": [0, 0, 0.25, 0.25], "texture": "#missing"},
				"west": {"uv": [0, 0, 0.25, 0.25], "texture": "#missing"},
				"up": {"uv": [0, 0, 0.25, 0.25], "rotation": 90, "texture": "#missing"},
				"down": {"uv": [0, 0, 0.25, 0.25], "rotation": 270, "texture": "#missing"}
			}
		},
		{
			"from": [10, 11, 10],
			"to": [11, 12, 11],
			"rotation": {"angle": 0, "axis": "y", "origin": [0, -1, 0]},
			"color": 5,
			"faces": {
				"north": {"uv": [0, 0, 0.25, 0.25], "texture": "#missing"},
				"east": {"uv": [0, 0, 0.25, 0.25], "texture": "#missing"},
				"south": {"uv": [0, 0, 0.25, 0.25], "texture": "#missing"},
				"west": {"uv": [0, 0, 0.25, 0.25], "texture": "#missing"},
				"up": {"uv": [0, 0, 0.25, 0.25], "rotation": 90, "texture": "#missing"},
				"down": {"uv": [0, 0, 0.25, 0.25], "rotation": 270, "texture": "#missing"}
			}
		},
		{
			"from": [0, 0, 0],
			"to": [16, 16, 16],
			"faces": {
				"north": {"uv": [0, 0, 4, 4], "texture": "#2", "tintindex": 0},
				"east": {"uv": [0, 4, 4, 8], "texture": "#2", "tintindex": 0},
				"south": {"uv": [4, 0, 8, 4], "texture": "#2", "tintindex": 0},
				"west": {"uv": [4, 4, 8, 8], "texture": "#2", "tintindex": 0},
				"up": {"uv": [4, 12, 0, 8], "texture": "#2", "tintindex": 0},
				"down": {"uv": [12, 0, 8, 4], "texture": "#2", "tintindex": 0}
			}
		},
		{
			"from": [0, 16, 0],
			"to": [16, 17, 16],
			"faces": {
				"north": {"uv": [5, 3, 9, 3.25], "texture": "#1"},
				"east": {"uv": [5, 3.25, 9, 3.5], "texture": "#1"},
				"south": {"uv": [5, 3.5, 9, 3.75], "texture": "#1"},
				"west": {"uv": [5, 3.75, 9, 4], "texture": "#1"},
				"up": {"uv": [4, 4, 0, 0], "texture": "#1"},
				"down": {"uv": [4, 4, 0, 8], "texture": "#1"}
			}
		},
		{
			"from": [4, 17, 4],
			"to": [12, 18, 12],
			"faces": {
				"north": {"uv": [6, 1.75, 8, 2], "texture": "#3"},
				"east": {"uv": [6, 2, 8, 2.25], "texture": "#3"},
				"south": {"uv": [6, 2.25, 8, 2.5], "texture": "#3"},
				"west": {"uv": [6, 2.5, 8, 2.75], "texture": "#3"},
				"up": {"uv": [4, 2, 2, 0], "texture": "#3"},
				"down": {"uv": [4, 2, 2, 4], "texture": "#3"}
			}
		},
		{
			"from": [11, 18, 4],
			"to": [12, 20, 12],
			"faces": {
				"north": {"uv": [7, 1, 7.25, 1.5], "texture": "#3"},
				"east": {"uv": [4, 4, 6, 4.5], "texture": "#3"},
				"south": {"uv": [7, 6, 7.25, 6.5], "texture": "#3"},
				"west": {"uv": [4, 4.5, 6, 5], "texture": "#3"},
				"up": {"uv": [0.25, 8, 0, 6], "texture": "#3"},
				"down": {"uv": [0.5, 6, 0.25, 8], "texture": "#3"}
			}
		},
		{
			"from": [10, 20, 11],
			"to": [12, 25, 12],
			"faces": {
				"north": {"uv": [1.5, 5.5, 2, 6.75], "texture": "#3"},
				"east": {"uv": [1.5, 7, 1.75, 8.25], "texture": "#3"},
				"south": {"uv": [5.5, 1.5, 6, 2.75], "texture": "#3"},
				"west": {"uv": [1.75, 7, 2, 8.25], "texture": "#3"},
				"up": {"uv": [7.5, 3, 7, 2.75], "texture": "#3"},
				"down": {"uv": [7.5, 6.5, 7, 6.75], "texture": "#3"}
			}
		},
		{
			"from": [11, 20, 10],
			"to": [12, 25, 11],
			"faces": {
				"north": {"uv": [4, 7, 4.25, 8.25], "texture": "#3"},
				"east": {"uv": [4.25, 7, 4.5, 8.25], "texture": "#3"},
				"south": {"uv": [4.5, 7, 4.75, 8.25], "texture": "#3"},
				"west": {"uv": [4.75, 7, 5, 8.25], "texture": "#3"},
				"up": {"uv": [8, 7, 7.75, 6.75], "texture": "#3"},
				"down": {"uv": [8, 7, 7.75, 7.25], "texture": "#3"}
			}
		},
		{
			"from": [10, 20, 4],
			"to": [11, 25, 5],
			"faces": {
				"north": {"uv": [5, 7, 5.25, 8.25], "texture": "#3"},
				"east": {"uv": [5.25, 7, 5.5, 8.25], "texture": "#3"},
				"south": {"uv": [5.5, 7, 5.75, 8.25], "texture": "#3"},
				"west": {"uv": [5.75, 7, 6, 8.25], "texture": "#3"},
				"up": {"uv": [8, 7.5, 7.75, 7.25], "texture": "#3"},
				"down": {"uv": [8, 7.5, 7.75, 7.75], "texture": "#3"}
			}
		},
		{
			"from": [4, 20, 5],
			"to": [5, 25, 6],
			"faces": {
				"north": {"uv": [6, 7, 6.25, 8.25], "texture": "#3"},
				"east": {"uv": [6.25, 7, 6.5, 8.25], "texture": "#3"},
				"south": {"uv": [6.5, 7, 6.75, 8.25], "texture": "#3"},
				"west": {"uv": [6.75, 7, 7, 8.25], "texture": "#3"},
				"up": {"uv": [8, 8, 7.75, 7.75], "texture": "#3"},
				"down": {"uv": [0.25, 8, 0, 8.25], "texture": "#3"}
			}
		},
		{
			"from": [5, 20, 11],
			"to": [6, 25, 12],
			"faces": {
				"north": {"uv": [7, 7, 7.25, 8.25], "texture": "#3"},
				"east": {"uv": [7.25, 7, 7.5, 8.25], "texture": "#3"},
				"south": {"uv": [7.5, 4.5, 7.75, 5.75], "texture": "#3"},
				"west": {"uv": [7.5, 5.75, 7.75, 7], "texture": "#3"},
				"up": {"uv": [0.5, 8.25, 0.25, 8], "texture": "#3"},
				"down": {"uv": [0.75, 8, 0.5, 8.25], "texture": "#3"}
			}
		},
		{
			"from": [4, 20, 10],
			"to": [5, 25, 12],
			"faces": {
				"north": {"uv": [2, 7, 2.25, 8.25], "texture": "#3"},
				"east": {"uv": [2.5, 5.5, 3, 6.75], "texture": "#3"},
				"south": {"uv": [2.25, 7, 2.5, 8.25], "texture": "#3"},
				"west": {"uv": [3, 5.5, 3.5, 6.75], "texture": "#3"},
				"up": {"uv": [8, 3.25, 7.75, 2.75], "texture": "#3"},
				"down": {"uv": [8, 3.25, 7.75, 3.75], "texture": "#3"}
			}
		},
		{
			"from": [4, 20, 4],
			"to": [6, 25, 5],
			"faces": {
				"north": {"uv": [4.5, 5.5, 5, 6.75], "texture": "#3"},
				"east": {"uv": [3.5, 7, 3.75, 8.25], "texture": "#3"},
				"south": {"uv": [5, 5.5, 5.5, 6.75], "texture": "#3"},
				"west": {"uv": [3.75, 7, 4, 8.25], "texture": "#3"},
				"up": {"uv": [8, 1.5, 7.5, 1.25], "texture": "#3"},
				"down": {"uv": [8.25, 4.75, 7.75, 5], "texture": "#3"}
			}
		},
		{
			"from": [11, 20, 4],
			"to": [12, 25, 6],
			"faces": {
				"north": {"uv": [3, 7, 3.25, 8.25], "texture": "#3"},
				"east": {"uv": [3.5, 5.5, 4, 6.75], "texture": "#3"},
				"south": {"uv": [3.25, 7, 3.5, 8.25], "texture": "#3"},
				"west": {"uv": [4, 5.5, 4.5, 6.75], "texture": "#3"},
				"up": {"uv": [8, 4.25, 7.75, 3.75], "texture": "#3"},
				"down": {"uv": [8, 4.25, 7.75, 4.75], "texture": "#3"}
			}
		},
		{
			"from": [4, 18, 4],
			"to": [5, 20, 12],
			"faces": {
				"north": {"uv": [7.25, 1, 7.5, 1.5], "texture": "#3"},
				"east": {"uv": [5, 0, 7, 0.5], "texture": "#3"},
				"south": {"uv": [7.25, 6, 7.5, 6.5], "texture": "#3"},
				"west": {"uv": [5, 0.5, 7, 1], "texture": "#3"},
				"up": {"uv": [0.75, 8, 0.5, 6], "texture": "#3"},
				"down": {"uv": [1, 6, 0.75, 8], "texture": "#3"}
			}
		},
		{
			"from": [5, 18, 4],
			"to": [11, 20, 5],
			"faces": {
				"north": {"uv": [0, 5.5, 1.5, 6], "texture": "#3"},
				"east": {"uv": [7.5, 7.5, 7.75, 8], "texture": "#3"},
				"south": {"uv": [5.5, 1, 7, 1.5], "texture": "#3"},
				"west": {"uv": [7.75, 0.75, 8, 1.25], "texture": "#3"},
				"up": {"uv": [7.5, 7, 6, 6.75], "texture": "#3"},
				"down": {"uv": [8.5, 0, 7, 0.25], "texture": "#3"}
			}
		},
		{
			"from": [5, 18, 11],
			"to": [11, 20, 12],
			"faces": {
				"north": {"uv": [2.5, 5, 4, 5.5], "texture": "#3"},
				"east": {"uv": [7.5, 0.75, 7.75, 1.25], "texture": "#3"},
				"south": {"uv": [4, 5, 5.5, 5.5], "texture": "#3"},
				"west": {"uv": [7.5, 7, 7.75, 7.5], "texture": "#3"},
				"up": {"uv": [4.5, 7, 3, 6.75], "texture": "#3"},
				"down": {"uv": [6, 6.75, 4.5, 7], "texture": "#3"}
			}
		},
		{
			"from": [4, 25, 4],
			"to": [12, 26, 12],
			"faces": {
				"north": {"uv": [5, 2.75, 7, 3], "texture": "#3"},
				"east": {"uv": [5.5, 5, 7.5, 5.25], "texture": "#3"},
				"south": {"uv": [5.5, 5.25, 7.5, 5.5], "texture": "#3"},
				"west": {"uv": [5.5, 5.5, 7.5, 5.75], "texture": "#3"},
				"up": {"uv": [2, 2, 0, 0], "texture": "#3"},
				"down": {"uv": [2, 2, 0, 4], "texture": "#3"}
			}
		},
		{
			"from": [6, 26, 6],
			"to": [10, 32, 10],
			"faces": {
				"north": {"uv": [0, 4, 1, 5.5], "texture": "#3"},
				"east": {"uv": [4, 0, 5, 1.5], "texture": "#3"},
				"south": {"uv": [1, 4, 2, 5.5], "texture": "#3"},
				"west": {"uv": [4, 1.5, 5, 3], "texture": "#3"},
				"up": {"uv": [3, 5, 2, 4], "texture": "#3"},
				"down": {"uv": [4, 4, 3, 5], "texture": "#3"}
			}
		},
		{
			"from": [5, 28, 5],
			"to": [12, 29, 6],
			"faces": {
				"north": {"uv": [6, 3, 7.75, 3.25], "texture": "#3"},
				"east": {"uv": [7.5, 2.75, 7.75, 3], "texture": "#3"},
				"south": {"uv": [6, 3.25, 7.75, 3.5], "texture": "#3"},
				"west": {"uv": [7.75, 5, 8, 5.25], "texture": "#3"},
				"up": {"uv": [7.75, 3.75, 6, 3.5], "texture": "#3"},
				"down": {"uv": [7.75, 3.75, 6, 4], "texture": "#3"}
			}
		},
		{
			"from": [10, 27, 5],
			"to": [12, 28, 12],
			"faces": {
				"north": {"uv": [1, 6, 1.5, 6.25], "texture": "#3"},
				"east": {"uv": [6, 4, 7.75, 4.25], "texture": "#3"},
				"south": {"uv": [1, 6.25, 1.5, 6.5], "texture": "#3"},
				"west": {"uv": [6, 4.25, 7.75, 4.5], "texture": "#3"},
				"up": {"uv": [5.5, 2.75, 5, 1], "texture": "#3"},
				"down": {"uv": [2.5, 5, 2, 6.75], "texture": "#3"}
			}
		},
		{
			"from": [4, 26, 10],
			"to": [12, 27, 12],
			"faces": {
				"north": {"uv": [5.5, 5.75, 7.5, 6], "texture": "#3"},
				"east": {"uv": [1, 6.5, 1.5, 6.75], "texture": "#3"},
				"south": {"uv": [6, 1.5, 8, 1.75], "texture": "#3"},
				"west": {"uv": [7, 0.75, 7.5, 1], "texture": "#3"},
				"up": {"uv": [6, 3.5, 4, 3], "texture": "#3"},
				"down": {"uv": [6, 3.5, 4, 4], "texture": "#3"}
			}
		},
		{
			"from": [5, 29, 5],
			"to": [6, 30, 11],
			"faces": {
				"north": {"uv": [7.75, 5.75, 8, 6], "texture": "#3"},
				"east": {"uv": [5.5, 6.5, 7, 6.75], "texture": "#3"},
				"south": {"uv": [7.75, 6, 8, 6.25], "texture": "#3"},
				"west": {"uv": [1, 6.75, 2.5, 7], "texture": "#3"},
				"up": {"uv": [2.75, 8.25, 2.5, 6.75], "texture": "#3"},
				"down": {"uv": [3, 6.75, 2.75, 8.25], "texture": "#3"}
			}
		},
		{
			"from": [5, 30, 10],
			"to": [11, 31, 11],
			"faces": {
				"north": {"uv": [6, 4.5, 7.5, 4.75], "texture": "#3"},
				"east": {"uv": [7.75, 5.25, 8, 5.5], "texture": "#3"},
				"south": {"uv": [6, 4.75, 7.5, 5], "texture": "#3"},
				"west": {"uv": [7.75, 5.5, 8, 5.75], "texture": "#3"},
				"up": {"uv": [7, 6.25, 5.5, 6], "texture": "#3"},
				"down": {"uv": [7, 6.25, 5.5, 6.5], "texture": "#3"}
			}
		},
		{
			"from": [10, 31, 6],
			"to": [11, 32, 11],
			"faces": {
				"north": {"uv": [7.75, 6.25, 8, 6.5], "texture": "#3"},
				"east": {"uv": [7, 0.25, 8.25, 0.5], "texture": "#3"},
				"south": {"uv": [7.75, 6.5, 8, 6.75], "texture": "#3"},
				"west": {"uv": [7, 0.5, 8.25, 0.75], "texture": "#3"},
				"up": {"uv": [1.25, 8.25, 1, 7], "texture": "#3"},
				"down": {"uv": [1.5, 7, 1.25, 8.25], "texture": "#3"}
			}
		},
		{
			"from": [14, 17, 0],
			"to": [16, 18, 16],
			"faces": {
				"north": {"uv": [5.5, 5.25, 6, 5.5], "texture": "#1"},
				"east": {"uv": [5, 2.5, 9, 2.75], "texture": "#1"},
				"south": {"uv": [5.5, 5.5, 6, 5.75], "texture": "#1"},
				"west": {"uv": [5, 2.75, 9, 3], "texture": "#1"},
				"up": {"uv": [5, 4, 4.5, 0], "texture": "#1"},
				"down": {"uv": [5, 4, 4.5, 8], "texture": "#1"}
			}
		},
		{
			"from": [0, 17, 0],
			"to": [2, 18, 16],
			"faces": {
				"north": {"uv": [5, 5, 5.5, 5.25], "texture": "#1"},
				"east": {"uv": [5, 2, 9, 2.25], "texture": "#1"},
				"south": {"uv": [5, 5.25, 5.5, 5.5], "texture": "#1"},
				"west": {"uv": [5, 2.25, 9, 2.5], "texture": "#1"},
				"up": {"uv": [4.5, 4, 4, 0], "texture": "#1"},
				"down": {"uv": [4.5, 4, 4, 8], "texture": "#1"}
			}
		},
		{
			"from": [2, 17, 0],
			"to": [14, 18, 2],
			"rotation": {"angle": 0, "axis": "y", "origin": [-8, 0, 8]},
			"faces": {
				"north": {"uv": [5, 4, 8, 4.25], "texture": "#1"},
				"east": {"uv": [5, 5.5, 5.5, 5.75], "texture": "#1"},
				"south": {"uv": [5, 4.25, 8, 4.5], "texture": "#1"},
				"west": {"uv": [5.5, 5, 6, 5.25], "texture": "#1"},
				"up": {"uv": [8, 0.5, 5, 0], "texture": "#1"},
				"down": {"uv": [8, 0.5, 5, 1], "texture": "#1"}
			}
		},
		{
			"from": [2, 17, 14],
			"to": [14, 18, 16],
			"rotation": {"angle": 0, "axis": "y", "origin": [-8, 0, 8]},
			"faces": {
				"north": {"uv": [5, 4.5, 8, 4.75], "texture": "#1"},
				"east": {"uv": [5, 5.75, 5.5, 6], "texture": "#1"},
				"south": {"uv": [5, 4.75, 8, 5], "texture": "#1"},
				"west": {"uv": [5.5, 5.75, 6, 6], "texture": "#1"},
				"up": {"uv": [8, 1.5, 5, 1], "texture": "#1"},
				"down": {"uv": [8, 1.5, 5, 2], "texture": "#1"}
			}
		}
	],
	"display": {
		"thirdperson_righthand": {
			"rotation": [24, 45, 0],
			"translation": [0, 3.25, 0],
			"scale": [0.375, 0.375, 0.375]
		},
		"thirdperson_lefthand": {
			"rotation": [24, 45, 0],
			"translation": [0, 2.5, 0],
			"scale": [0.375, 0.375, 0.375]
		},
		"firstperson_righthand": {
			"rotation": [0, 45, 0],
			"scale": [0.4, 0.4, 0.4]
		},
		"firstperson_lefthand": {
			"rotation": [0, 225, 0],
			"scale": [0.4, 0.4, 0.4]
		},
		"ground": {
			"translation": [0, 3, 0],
			"scale": [0.25, 0.25, 0.25]
		},
		"gui": {
			"rotation": [30, 225, 0],
			"translation": [0, -1.5, 0],
			"scale": [0.56, 0.56, 0.56]
		},
		"head": {
			"translation": [0, 14.25, 0]
		},
		"fixed": {
			"rotation": [-4, 35, 0],
			"translation": [0, -1.5, 0],
			"scale": [0.5, 0.5, 0.5]
		}
	},
	"groups": [
		{
			"name": "group",
			"origin": [0, -1, 0],
			"color": 0,
			"children": [0, 1, 2, 3, 4, 5, 6, 7, 8, 9, 10, 11, 12, 13, 14, 15, 16, 17, 18, 19, 20]
		},
		{
			"name": "group",
			"origin": [0, 0, 0],
			"color": 0,
			"children": []
		},
		21,
		22,
		23,
		24,
		25,
		26,
		27,
		28,
		29,
		30,
		31,
		32,
		33,
		34,
		35,
		36,
		37,
		38,
		39,
		40,
		41,
		42,
		43,
		44,
		45,
		46,
		47
	]
}