{
	"credit": "Made with Blockbench",
	"textures": {
		"1": "templeGroundsGateBig_X",
		"particle": "templeGroundsGateBig_X"
	},
	"elements": [
		{
			"from": [0, 0, 0],
			"to": [16, 16, 16],
			"rotation": {"angle": 0, "axis": "y", "origin": [-19, -9, 9]},
			"faces": {
				"north": {"uv": [0, 0, 4, 4], "texture": "#1"},
				"east": {"uv": [0, 4, 4, 8], "texture": "#1"},
				"south": {"uv": [4, 0, 8, 4], "texture": "#1"},
				"west": {"uv": [4, 4, 8, 8], "texture": "#1"},
				"up": {"uv": [0, 8, 4, 12], "texture": "#1"},
				"down": {"uv": [4, 8, 8, 12], "texture": "#1"}
			}
		}
	]
}