{
	"credit": "Made with Blockbench",
	"textures": {
		"2": "templeGroundsGateSmall_Y"
	},
	"elements": [
		{
			"from": [4, 0, 4],
			"to": [12, 16, 12],
			"rotation": {"angle": 0, "axis": "y", "origin": [865, -32, 111]},
			"faces": {
				"north": {"uv": [0, 0, 2, 4], "texture": "#2"},
				"east": {"uv": [0, 4, 2, 8], "texture": "#2"},
				"south": {"uv": [2, 0, 4, 4], "texture": "#2"},
				"west": {"uv": [2, 4, 4, 8], "texture": "#2"},
				"up": {"uv": [2, 12, 0, 8], "texture": "#2"},
				"down": {"uv": [4, 8, 2, 12], "texture": "#2"}
			}
		}
	]
}