{
	"credit": "Made with Blockbench",
	"texture_size": [8, 8],
	"textures": {
		"9": "block/templeGroundsGateSmall_X_connect"
	},
	"elements": [
		{
			"from": [6, 0, 4],
			"to": [10, 8, 12],
			"rotation": {"angle": 0, "axis": "y", "origin": [874, -52, 111]},
			"faces": {
				"north": {"uv": [0, 0, 2, 4], "texture": "#9"},
				"east": {"uv": [2, 0, 4, 4], "texture": "#9"},
				"south": {"uv": [0, 4, 2, 8], "texture": "#9"},
				"west": {"uv": [2, 4, 4, 8], "texture": "#9"},
				"up": {"uv": [6, 4, 4, 0], "texture": "#9"},
				"down": {"uv": [6, 4, 4, 8], "texture": "#9"}
			}
		}
	]
}