{
	"credit": "Made with Blockbench",
	"texture_size": [8, 8],
	"textures": {
		"8": "block/templeGroundsGateSmall_X"
	},
	"elements": [
		{
			"from": [0, 0, 4],
			"to": [16, 8, 12],
			"rotation": {"angle": 0, "axis": "y", "origin": [900, -52, 111]},
			"faces": {
				"north": {"uv": [0, 0, 8, 4], "texture": "#8"},
				"east": {"uv": [8, 4, 12, 8], "texture": "#8"},
				"south": {"uv": [0, 4, 8, 8], "texture": "#8"},
				"west": {"uv": [8, 0, 12, 4], "texture": "#8"},
				"up": {"uv": [8, 12, 0, 8], "texture": "#8"},
				"down": {"uv": [8, 12, 0, 16], "texture": "#8"}
			}
		}
	]
}