{
	"credit": "Made with Blockbench",
	"texture_size": [64, 64],
	"textures": {
		"0": "base",
		"1": "crystal",
		"particle": "base"
	},
	"elements": [
		{
			"from": [0, 0, 0],
			"to": [16, 10, 16],
			"faces": {
				"north": {"uv": [4, 0, 8, 2.5], "texture": "#0"},
				"east": {"uv": [4, 2.5, 8, 5], "texture": "#0"},
				"south": {"uv": [4, 5, 8, 7.5], "texture": "#0"},
				"west": {"uv": [4, 7.5, 8, 10], "texture": "#0"},
				"up": {"uv": [4, 4, 0, 0], "texture": "#0"},
				"down": {"uv": [4, 4, 0, 8], "texture": "#0"}
			}
		},
		{
			"from": [5, 10, 5],
			"to": [11, 12, 11],
			"faces": {
				"north": {"uv": [9.5, 1, 11, 1.5], "texture": "#0"},
				"east": {"uv": [1, 10, 2.5, 10.5], "texture": "#0"},
				"south": {"uv": [10, 1.5, 11.5, 2], "texture": "#0"},
				"west": {"uv": [10, 2, 11.5, 2.5], "texture": "#0"},
				"up": {"uv": [1.5, 9.5, 0, 8], "texture": "#0"},
				"down": {"uv": [9.5, 0, 8, 1.5], "texture": "#0"}
			}
		},
		{
			"from": [12, 10, 12],
			"to": [16, 14, 16],
			"faces": {
				"north": {"uv": [1.5, 8, 2.5, 9], "texture": "#0"},
				"east": {"uv": [8, 1.5, 9, 2.5], "texture": "#0"},
				"south": {"uv": [2.5, 8, 3.5, 9], "texture": "#0"},
				"west": {"uv": [8, 2.5, 9, 3.5], "texture": "#0"},
				"up": {"uv": [9, 4.5, 8, 3.5], "texture": "#0"},
				"down": {"uv": [9, 4.5, 8, 5.5], "texture": "#0"}
			}
		},
		{
			"from": [12, 10, 0],
			"to": [16, 14, 4],
			"faces": {
				"north": {"uv": [8, 5.5, 9, 6.5], "texture": "#0"},
				"east": {"uv": [8, 6.5, 9, 7.5], "texture": "#0"},
				"south": {"uv": [8, 7.5, 9, 8.5], "texture": "#0"},
				"west": {"uv": [8, 8.5, 9, 9.5], "texture": "#0"},
				"up": {"uv": [2.5, 10, 1.5, 9], "texture": "#0"},
				"down": {"uv": [10, 1.5, 9, 2.5], "texture": "#0"}
			}
		},
		{
			"from": [0, 10, 0],
			"to": [4, 14, 4],
			"faces": {
				"north": {"uv": [2.5, 9, 3.5, 10], "texture": "#0"},
				"east": {"uv": [9, 2.5, 10, 3.5], "texture": "#0"},
				"south": {"uv": [9, 3.5, 10, 4.5], "texture": "#0"},
				"west": {"uv": [9, 4.5, 10, 5.5], "texture": "#0"},
				"up": {"uv": [10, 6.5, 9, 5.5], "texture": "#0"},
				"down": {"uv": [10, 6.5, 9, 7.5], "texture": "#0"}
			}
		},
		{
			"from": [0, 10, 12],
			"to": [4, 14, 16],
			"faces": {
				"north": {"uv": [9, 7.5, 10, 8.5], "texture": "#0"},
				"east": {"uv": [9, 8.5, 10, 9.5], "texture": "#0"},
				"south": {"uv": [0, 9.5, 1, 10.5], "texture": "#0"},
				"west": {"uv": [9.5, 0, 10.5, 1], "texture": "#0"},
				"up": {"uv": [9, 10.5, 8, 9.5], "texture": "#0"},
				"down": {"uv": [10, 9.5, 9, 10.5], "texture": "#0"}
			}
		},
		{
			"from": [5, 18, 5],
			"to": [11, 30, 11],
			"rotation": {"angle": 45, "axis": "y", "origin": [8, 16, 8]},
			"faces": {
				"north": {"uv": [1.5, 3.5, 3, 6.5], "texture": "#1"},
				"east": {"uv": [3, 3.5, 4.5, 6.5], "texture": "#1"},
				"south": {"uv": [4.5, 0, 6, 3], "texture": "#1"},
				"west": {"uv": [4.5, 3, 6, 6], "texture": "#1"},
				"up": {"uv": [8.5, 4, 7, 2.5], "texture": "#1"},
				"down": {"uv": [8.5, 4, 7, 5.5], "texture": "#1"}
			}
		},
		{
			"from": [6, 16, 6],
			"to": [10, 32, 10],
			"rotation": {"angle": 0, "axis": "y", "origin": [8, 16, 8]},
			"faces": {
				"north": {"uv": [6, 0, 7, 4], "texture": "#1"},
				"east": {"uv": [6, 4, 7, 8], "texture": "#1"},
				"south": {"uv": [4.5, 6, 5.5, 10], "texture": "#1"},
				"west": {"uv": [1.5, 6.5, 2.5, 10.5], "texture": "#1"},
				"up": {"uv": [9.5, 1, 8.5, 0], "texture": "#1"},
				"down": {"uv": [9.5, 1, 8.5, 2], "texture": "#1"}
			}
		},
		{
			"from": [5, 17, 5],
			"to": [11, 31, 11],
			"rotation": {"angle": 0, "axis": "y", "origin": [8, 16, 8]},
			"faces": {
				"north": {"uv": [0, 0, 1.5, 3.5], "texture": "#1"},
				"east": {"uv": [1.5, 0, 3, 3.5], "texture": "#1"},
				"south": {"uv": [3, 0, 4.5, 3.5], "texture": "#1"},
				"west": {"uv": [0, 3.5, 1.5, 7], "texture": "#1"},
				"up": {"uv": [8.5, 7, 7, 5.5], "texture": "#1"},
				"down": {"uv": [8.5, 7, 7, 8.5], "texture": "#1"}
			}
		},
		{
			"from": [6, 19, 11],
			"to": [10, 29, 13],
			"rotation": {"angle": 45, "axis": "y", "origin": [8, 16, 8]},
			"faces": {
				"north": {"uv": [2.5, 6.5, 3.5, 9], "texture": "#1"},
				"east": {"uv": [5.5, 6, 6, 8.5], "texture": "#1"},
				"south": {"uv": [3.5, 6.5, 4.5, 9], "texture": "#1"},
				"west": {"uv": [1, 7, 1.5, 9.5], "texture": "#1"},
				"up": {"uv": [9.5, 2.5, 8.5, 2], "texture": "#1"},
				"down": {"uv": [9.5, 2.5, 8.5, 3], "texture": "#1"}
			}
		},
		{
			"from": [6, 19, 3],
			"to": [10, 29, 5],
			"rotation": {"angle": 45, "axis": "y", "origin": [8, 16, 8]},
			"faces": {
				"north": {"uv": [0, 7, 1, 9.5], "texture": "#1"},
				"east": {"uv": [8, 0, 8.5, 2.5], "texture": "#1"},
				"south": {"uv": [7, 0, 8, 2.5], "texture": "#1"},
				"west": {"uv": [6, 8, 6.5, 10.5], "texture": "#1"},
				"up": {"uv": [9.5, 3.5, 8.5, 3], "texture": "#1"},
				"down": {"uv": [9.5, 3.5, 8.5, 4], "texture": "#1"}
			}
		}
	]
}